Id_Encuesta,eval_gob_1,eval_act_pol_1_p,eval_act_pol_1_fh,eval_act_pol_1_dv,eval_act_pol_1_co,eval_act_pol_1_ca,eval_act_pol_1_ae,eval_act_pol_1_er,eval_act_pol_1_gt,eval_act_pol_17,eval_act_pol_18,pp_congreso_61_b
1,1,3.0,,,,5.0,,,,,,
2,3,8.0,,,,8.0,,,,,,
4,2,4.0,,,,2.0,,,,,,
5,3,4.0,,,,3.0,,,,,,
6,1,2.0,,,,4.0,,,,,,
7,9,9.0,,,,9.0,,,,,,
9,1,1.0,,,,3.0,,,,,,
10,3,4.0,,,,4.0,,,,,,
11,3,3.0,,,,4.0,,,,,,
12,2,3.0,,,,2.0,,,,,,
15,1,4.0,,,,5.0,,,,,,
16,1,3.0,,,,5.0,,,,,,
17,1,4.0,,,,4.0,,,,,,
18,3,4.0,,,,3.0,,,,,,
20,1,1.0,,,,5.0,,,,,,
23,3,6.0,,,,4.0,,,,,,
24,2,3.0,,,,4.0,,,,,,
25,3,3.0,,,,3.0,,,,,,
26,1,1.0,,,,4.0,,,,,,
28,3,2.0,,,,4.0,,,,,,
29,1,3.0,,,,3.0,,,,,,
31,3,6.0,,,,4.0,,,,,,
32,1,2.0,,,,4.0,,,,,,
33,3,2.0,,,,3.0,,,,,,
34,3,4.0,,,,4.0,,,,,,
35,1,3.0,,,,4.0,,,,,,
36,2,2.0,,,,2.0,,,,,,
37,2,4.0,,,,4.0,,,,,,
38,1,3.0,,,,4.0,,,,,,
39,1,1.0,,,,5.0,,,,,,
41,1,2.0,,,,5.0,,,,,,
43,1,1.0,,,,5.0,,,,,,
44,8,2.0,,,,4.0,,,,,,
45,1,4.0,,,,5.0,,,,,,
47,2,1.0,,,,6.0,,,,,,
48,2,3.0,,,,3.0,,,,,,
49,3,3.0,,,,3.0,,,,,,
50,2,3.0,,,,2.0,,,,,,
51,2,3.0,,,,2.0,,,,,,
52,2,4.0,,,,2.0,,,,,,
53,3,3.0,,,,4.0,,,,,,
54,3,5.0,,,,3.0,,,,,,
55,2,2.0,,,,2.0,,,,,,
56,2,5.0,,,,4.0,,,,,,
57,2,3.0,,,,3.0,,,,,,
58,3,4.0,,,,4.0,,,,,,
59,1,3.0,,,,4.0,,,,,,
60,1,4.0,,,,4.0,,,,,,
61,1,1.0,,,,5.0,,,,,,
62,1,2.0,,,,4.0,,,,,,
63,1,5.0,,,,5.0,,,,,,
64,1,4.0,,,,4.0,,,,,,
65,1,3.0,,,,4.0,,,,,,
66,2,5.0,,,,3.0,,,,,,
67,1,1.0,,,,5.0,,,,,,
68,2,5.0,,,,2.0,,,,,,
69,1,3.0,,,,4.0,,,,,,
70,3,2.0,,,,4.0,,,,,,
71,3,4.0,,,,2.0,,,,,,
72,3,4.0,,,,3.0,,,,,,
73,1,1.0,,,,5.0,,,,,,
74,1,2.0,,,,4.0,,,,,,
75,1,5.0,,,,4.0,,,,,,
76,1,4.0,,,,5.0,,,,,,
77,1,4.0,,,,5.0,,,,,,
78,3,3.0,,,,3.0,,,,,,
79,3,3.0,,,,4.0,,,,,,
80,2,1.0,,,,3.0,,,,,,
81,3,4.0,,,,3.0,,,,,,
82,3,4.0,,,,3.0,,,,,,
83,2,4.0,,,,4.0,,,,,,
84,2,4.0,,,,2.0,,,,,,
85,3,3.0,,,,3.0,,,,,,
86,2,1.0,,,,3.0,,,,,,
87,2,3.0,,,,3.0,,,,,,
88,3,3.0,,,,3.0,,,,,,
89,3,3.0,,,,3.0,,,,,,
90,1,3.0,,,,4.0,,,,,,
91,2,4.0,,,,3.0,,,,,,
92,1,4.0,,,,4.0,,,,,,
93,1,3.0,,,,4.0,,,,,,
94,3,2.0,,,,3.0,,,,,,
95,1,4.0,,,,4.0,,,,,,
96,2,4.0,,,,2.0,,,,,,
97,3,4.0,,,,4.0,,,,,,
98,2,3.0,,,,3.0,,,,,,
99,1,4.0,,,,4.0,,,,,,
100,2,3.0,,,,3.0,,,,,,
101,2,4.0,,,,3.0,,,,,,
102,2,4.0,,,,2.0,,,,,,
103,2,2.0,,,,4.0,,,,,,
104,1,3.0,,,,4.0,,,,,,
105,2,4.0,,,,2.0,,,,,,
106,2,4.0,,,,3.0,,,,,,
107,9,3.0,,,,3.0,,,,,,
108,3,4.0,,,,3.0,,,,,,
109,1,3.0,,,,4.0,,,,,,
110,3,3.0,,,,3.0,,,,,,
111,3,3.0,,,,3.0,,,,,,
112,3,3.0,,,,3.0,,,,,,
113,9,3.0,,,,3.0,,,,,,
115,3,3.0,,,,4.0,,,,,,
116,1,4.0,,,,4.0,,,,,,
117,9,4.0,,,,4.0,,,,,,
118,3,3.0,,,,4.0,,,,,,
119,1,2.0,,,,5.0,,,,,,
120,1,3.0,,,,4.0,,,,,,
121,2,3.0,,,,9.0,,,,,,
122,1,3.0,,,,4.0,,,,,,
123,3,3.0,,,,3.0,,,,,,
124,3,3.0,,,,3.0,,,,,,
125,3,3.0,,,,4.0,,,,,,
126,3,3.0,,,,3.0,,,,,,
127,3,3.0,,,,3.0,,,,,,
128,2,4.0,,,,4.0,,,,,,
130,1,2.0,,,,4.0,,,,,,
133,1,3.0,,,,5.0,,,,,,
134,1,2.0,,,,5.0,,,,,,
135,3,3.0,,,,3.0,,,,,,
136,1,2.0,,,,5.0,,,,,,
137,3,3.0,,,,3.0,,,,,,
138,1,3.0,,,,5.0,,,,,,
139,1,3.0,,,,4.0,,,,,,
140,1,3.0,,,,5.0,,,,,,
141,8,3.0,,,,3.0,,,,,,
142,3,3.0,,,,4.0,,,,,,
143,2,4.0,,,,4.0,,,,,,
144,1,3.0,,,,5.0,,,,,,
145,1,2.0,,,,4.0,,,,,,
146,3,1.0,,,,2.0,,,,,,
147,2,3.0,,,,3.0,,,,,,
148,3,3.0,,,,3.0,,,,,,
149,2,4.0,,,,2.0,,,,,,
150,3,3.0,,,,4.0,,,,,,
152,2,3.0,,,,3.0,,,,,,
154,1,1.0,,,,5.0,,,,,,
155,1,2.0,,,,5.0,,,,,,
156,1,3.0,,,,5.0,,,,,,
157,1,2.0,,,,5.0,,,,,,
158,1,2.0,,,,4.0,,,,,,
159,1,2.0,,,,5.0,,,,,,
160,3,3.0,,,,3.0,,,,,,
162,2,3.0,,,,3.0,,,,,,
164,2,2.0,,,,6.0,,,,,,
166,1,2.0,,,,4.0,,,,,,
167,1,1.0,,,,5.0,,,,,,
168,3,1.0,,,,3.0,,,,,,
169,2,9.0,,,,9.0,,,,,,
170,1,1.0,,,,6.0,,,,,,
172,3,3.0,,,,3.0,,,,,,
174,2,9.0,,,,9.0,,,,,,
175,1,4.0,,,,5.0,,,,,,
176,1,9.0,,,,9.0,,,,,,
177,1,2.0,,,,4.0,,,,,,
178,1,4.0,,,,4.0,,,,,,
179,1,2.0,,,,4.0,,,,,,
180,1,3.0,,,,4.0,,,,,,
181,1,3.0,,,,4.0,,,,,,
182,1,4.0,,,,4.0,,,,,,
183,3,3.0,,,,3.0,,,,,,
185,2,3.0,,,,1.0,,,,,,
186,1,3.0,,,,5.0,,,,,,
187,1,8.0,,,,4.0,,,,,,
188,1,3.0,,,,4.0,,,,,,
189,8,9.0,,,,3.0,,,,,,
191,1,3.0,,,,3.0,,,,,,
192,2,9.0,,,,9.0,,,,,,
193,1,4.0,,,,4.0,,,,,,
194,3,3.0,,,,4.0,,,,,,
195,3,4.0,,,,4.0,,,,,,
196,2,4.0,,,,5.0,,,,,,
197,3,4.0,,,,4.0,,,,,,
198,2,9.0,,,,9.0,,,,,,
199,1,3.0,,,,5.0,,,,,,
200,1,3.0,,,,3.0,,,,,,
201,3,4.0,,,,5.0,,,,,,
203,1,2.0,,,,5.0,,,,,,
206,1,2.0,,,,4.0,,,,,,
207,1,2.0,,,,4.0,,,,,,
208,1,2.0,,,,5.0,,,,,,
209,1,3.0,,,,4.0,,,,,,
210,1,3.0,,,,4.0,,,,,,
211,1,1.0,,,,4.0,,,,,,
212,3,2.0,,,,2.0,,,,,,
213,1,3.0,,,,3.0,,,,,,
215,1,1.0,,,,1.0,,,,,,
216,1,1.0,,,,5.0,,,,,,
217,2,4.0,,,,3.0,,,,,,
218,3,3.0,,,,4.0,,,,,,
219,1,3.0,,,,4.0,,,,,,
220,1,2.0,,,,5.0,,,,,,
221,2,3.0,,,,3.0,,,,,,
222,3,3.0,,,,3.0,,,,,,
223,2,4.0,,,,2.0,,,,,,
224,1,3.0,,,,4.0,,,,,,
225,1,1.0,,,,5.0,,,,,,
226,3,3.0,,,,4.0,,,,,,
227,1,3.0,,,,5.0,,,,,,
230,1,2.0,,,,4.0,,,,,,
231,1,3.0,,,,4.0,,,,,,
233,2,4.0,,,,3.0,,,,,,
235,2,3.0,,,,3.0,,,,,,
236,1,3.0,,,,4.0,,,,,,
237,1,4.0,,,,4.0,,,,,,
238,2,5.0,,,,1.0,,,,,,
239,1,1.0,,,,5.0,,,,,,
241,2,3.0,,,,3.0,,,,,,
242,2,4.0,,,,4.0,,,,,,
243,1,4.0,,,,6.0,,,,,,
246,1,3.0,,,,4.0,,,,,,
247,1,1.0,,,,4.0,,,,,,
248,1,4.0,,,,3.0,,,,,,
249,2,4.0,,,,2.0,,,,,,
251,2,3.0,,,,3.0,,,,,,
253,1,3.0,,,,4.0,,,,,,
254,2,4.0,,,,3.0,,,,,,
257,3,3.0,,,,4.0,,,,,,
259,3,9.0,,,,9.0,,,,,,
260,1,3.0,,,,4.0,,,,,,
262,1,2.0,,,,4.0,,,,,,
263,2,3.0,,,,3.0,,,,,,
264,1,3.0,,,,4.0,,,,,,
265,2,3.0,,,,2.0,,,,,,
266,2,4.0,,,,2.0,,,,,,
267,1,2.0,,,,4.0,,,,,,
269,1,4.0,,,,4.0,,,,,,
272,8,4.0,,,,4.0,,,,,,
273,3,4.0,,,,3.0,,,,,,
274,1,2.0,,,,4.0,,,,,,
275,2,4.0,,,,2.0,,,,,,
276,2,2.0,,,,2.0,,,,,,
277,1,2.0,,,,5.0,,,,,,
283,3,3.0,,,,3.0,,,,,,
284,1,4.0,,,,4.0,,,,,,
287,1,1.0,,,,4.0,,,,,,
293,1,2.0,,,,4.0,,,,,,
296,2,4.0,,,,3.0,,,,,,
297,1,2.0,,,,4.0,,,,,,
299,1,4.0,,,,5.0,,,,,,
301,2,1.0,,,,5.0,,,,,,
303,1,2.0,,,,4.0,,,,,,
305,1,3.0,,,,4.0,,,,,,
307,1,2.0,,,,5.0,,,,,,
308,1,2.0,,,,5.0,,,,,,
309,3,5.0,,,,4.0,,,,,,
310,2,2.0,,,,4.0,,,,,,
312,3,2.0,,,,4.0,,,,,,
313,1,3.0,,,,5.0,,,,,,
315,1,3.0,,,,5.0,,,,,,
316,1,2.0,,,,5.0,,,,,,
317,2,1.0,,,,3.0,,,,,,
318,1,3.0,,,,4.0,,,,,,
319,1,2.0,,,,4.0,,,,,,
320,2,4.0,,,,1.0,,,,,,
322,2,3.0,,,,3.0,,,,,,
323,2,4.0,,,,4.0,,,,,,
324,1,2.0,,,,4.0,,,,,,
325,1,3.0,,,,4.0,,,,,,
326,1,3.0,,,,4.0,,,,,,
327,1,1.0,,,,5.0,,,,,,
328,1,3.0,,,,4.0,,,,,,
329,1,3.0,,,,3.0,,,,,,
330,3,3.0,,,,4.0,,,,,,
331,1,3.0,,,,5.0,,,,,,
332,1,3.0,,,,4.0,,,,,,
333,1,3.0,,,,5.0,,,,,,
334,1,4.0,,,,4.0,,,,,,
335,1,2.0,,,,5.0,,,,,,
336,1,3.0,,,,3.0,,,,,,
337,1,3.0,,,,4.0,,,,,,
338,1,3.0,,,,4.0,,,,,,
339,2,4.0,,,,2.0,,,,,,
341,2,2.0,,,,4.0,,,,,,
342,1,2.0,,,,4.0,,,,,,
343,2,4.0,,,,3.0,,,,,,
344,2,2.0,,,,4.0,,,,,,
345,1,3.0,,,,4.0,,,,,,
346,3,3.0,,,,2.0,,,,,,
347,1,3.0,,,,5.0,,,,,,
349,1,2.0,,,,4.0,,,,,,
350,1,9.0,,,,4.0,,,,,,
351,1,3.0,,,,5.0,,,,,,
352,1,3.0,,,,5.0,,,,,,
355,1,3.0,,,,4.0,,,,,,
356,1,3.0,,,,3.0,,,,,,
357,1,4.0,,,,3.0,,,,,,
358,2,4.0,,,,3.0,,,,,,
359,2,4.0,,,,3.0,,,,,,
360,1,3.0,,,,5.0,,,,,,
361,3,2.0,,,,3.0,,,,,,
363,2,4.0,,,,2.0,,,,,,
364,2,4.0,,,,2.0,,,,,,
366,2,4.0,,,,2.0,,,,,,
367,1,2.0,,,,5.0,,,,,,
369,3,4.0,,,,2.0,,,,,,
370,2,3.0,,,,3.0,,,,,,
372,1,2.0,,,,4.0,,,,,,
374,1,4.0,,,,4.0,,,,,,
375,2,5.0,,,,1.0,,,,,,
376,1,4.0,,,,3.0,,,,,,
378,2,9.0,,,,9.0,,,,,,
379,1,3.0,,,,4.0,,,,,,
380,1,4.0,,,,4.0,,,,,,
381,1,4.0,,,,4.0,,,,,,
382,1,4.0,,,,4.0,,,,,,
385,1,1.0,,,,4.0,,,,,,
386,3,3.0,,,,3.0,,,,,,
387,1,2.0,,,,4.0,,,,,,
388,1,2.0,,,,4.0,,,,,,
389,1,4.0,,,,4.0,,,,,,
390,1,4.0,,,,5.0,,,,,,
391,2,5.0,,,,1.0,,,,,,
392,3,3.0,,,,3.0,,,,,,
393,3,3.0,,,,3.0,,,,,,
394,1,4.0,,,,4.0,,,,,,
395,3,4.0,,,,4.0,,,,,,
396,1,8.0,,,,4.0,,,,,,
399,1,4.0,,,,5.0,,,,,,
400,3,4.0,,,,3.0,,,,,,
401,1,5.0,,,,5.0,,,,,,
402,3,4.0,,,,4.0,,,,,,
403,1,2.0,,,,4.0,,,,,,
405,1,4.0,,,,4.0,,,,,,
406,2,4.0,,,,3.0,,,,,,
409,1,9.0,,,,9.0,,,,,,
410,1,9.0,,,,9.0,,,,,,
411,1,3.0,,,,3.0,,,,,,
412,3,4.0,,,,3.0,,,,,,
414,2,9.0,,,,9.0,,,,,,
415,1,2.0,,,,4.0,,,,,,
416,1,3.0,,,,4.0,,,,,,
417,1,3.0,,,,4.0,,,,,,
418,1,3.0,,,,3.0,,,,,,
419,1,3.0,,,,4.0,,,,,,
420,3,8.0,,,,8.0,,,,,,
421,1,1.0,,,,5.0,,,,,,
422,3,4.0,,,,4.0,,,,,,
423,2,2.0,,,,6.0,,,,,,
424,1,2.0,,,,5.0,,,,,,
425,1,2.0,,,,4.0,,,,,,
426,1,1.0,,,,5.0,,,,,,
427,1,4.0,,,,4.0,,,,,,
428,1,4.0,,,,4.0,,,,,,
429,2,4.0,,,,2.0,,,,,,
430,2,4.0,,,,2.0,,,,,,
431,3,4.0,,,,4.0,,,,,,
432,1,2.0,,,,5.0,,,,,,
434,1,3.0,,,,4.0,,,,,,
435,1,4.0,,,,4.0,,,,,,
436,2,4.0,,,,4.0,,,,,,
437,1,3.0,,,,4.0,,,,,,
438,1,9.0,,,,9.0,,,,,,
439,1,4.0,,,,4.0,,,,,,
440,1,4.0,,,,5.0,,,,,,
441,1,2.0,,,,5.0,,,,,,
442,1,2.0,,,,4.0,,,,,,
445,2,3.0,,,,3.0,,,,,,
446,1,3.0,,,,3.0,,,,,,
447,3,9.0,,,,9.0,,,,,,
448,1,4.0,,,,2.0,,,,,,
449,1,2.0,,,,3.0,,,,,,
450,1,6.0,,,,4.0,,,,,,
451,1,3.0,,,,3.0,,,,,,
452,1,2.0,,,,4.0,,,,,,
454,1,9.0,,,,9.0,,,,,,
456,9,4.0,,,,4.0,,,,,,
457,8,2.0,,,,4.0,,,,,,
458,1,8.0,,,,4.0,,,,,,
459,1,3.0,,,,2.0,,,,,,
460,1,3.0,,,,4.0,,,,,,
461,1,3.0,,,,5.0,,,,,,
462,2,3.0,,,,2.0,,,,,,
463,1,3.0,,,,4.0,,,,,,
464,3,4.0,,,,3.0,,,,,,
467,1,3.0,,,,4.0,,,,,,
471,3,3.0,,,,3.0,,,,,,
472,3,2.0,,,,3.0,,,,,,
473,2,6.0,,,,6.0,,,,,,
474,2,4.0,,,,2.0,,,,,,
475,1,3.0,,,,4.0,,,,,,
476,3,4.0,,,,4.0,,,,,,
477,9,4.0,,,,4.0,,,,,,
478,2,4.0,,,,4.0,,,,,,
479,3,3.0,,,,3.0,,,,,,
480,2,4.0,,,,3.0,,,,,,
481,3,4.0,,,,4.0,,,,,,
482,8,3.0,,,,3.0,,,,,,
483,1,1.0,,,,5.0,,,,,,
484,1,6.0,,,,3.0,,,,,,
485,3,3.0,,,,3.0,,,,,,
486,1,4.0,,,,4.0,,,,,,
490,2,4.0,,,,3.0,,,,,,
493,1,4.0,,,,5.0,,,,,,
494,9,3.0,,,,4.0,,,,,,
495,3,3.0,,,,3.0,,,,,,
496,1,2.0,,,,5.0,,,,,,
499,1,2.0,,,,5.0,,,,,,
500,3,4.0,,,,4.0,,,,,,
502,2,3.0,,,,4.0,,,,,,
503,1,4.0,,,,4.0,,,,,,
504,1,2.0,,,,5.0,,,,,,
505,2,4.0,,,,4.0,,,,,,
506,2,4.0,,,,4.0,,,,,,
507,2,3.0,,,,4.0,,,,,,
509,2,5.0,,,,4.0,,,,,,
510,1,3.0,,,,5.0,,,,,,
511,1,3.0,,,,4.0,,,,,,
512,1,3.0,,,,4.0,,,,,,
513,2,5.0,,,,2.0,,,,,,
516,3,4.0,,,,3.0,,,,,,
518,2,4.0,,,,4.0,,,,,,
519,3,3.0,,,,4.0,,,,,,
521,1,2.0,,,,5.0,,,,,,
522,1,3.0,,,,5.0,,,,,,
523,1,3.0,,,,5.0,,,,,,
524,1,3.0,,,,5.0,,,,,,
525,1,2.0,,,,5.0,,,,,,
526,3,4.0,,,,5.0,,,,,,
527,3,4.0,,,,4.0,,,,,,
528,1,3.0,,,,5.0,,,,,,
529,1,3.0,,,,5.0,,,,,,
530,2,3.0,,,,3.0,,,,,,
531,1,3.0,,,,5.0,,,,,,
533,1,2.0,,,,5.0,,,,,,
534,2,4.0,,,,4.0,,,,,,
535,2,3.0,,,,3.0,,,,,,
536,3,3.0,,,,3.0,,,,,,
537,2,3.0,,,,3.0,,,,,,
538,1,4.0,,,,4.0,,,,,,
539,3,3.0,,,,3.0,,,,,,
540,8,4.0,,,,4.0,,,,,,
541,1,2.0,,,,5.0,,,,,,
542,1,2.0,,,,5.0,,,,,,
543,2,5.0,,,,4.0,,,,,,
546,1,3.0,,,,4.0,,,,,,
547,1,4.0,,,,5.0,,,,,,
548,1,3.0,,,,5.0,,,,,,
551,1,3.0,,,,5.0,,,,,,
552,2,3.0,,,,5.0,,,,,,
554,1,2.0,,,,5.0,,,,,,
555,3,3.0,,,,4.0,,,,,,
556,1,4.0,,,,5.0,,,,,,
557,1,4.0,,,,4.0,,,,,,
559,1,3.0,,,,5.0,,,,,,
560,1,3.0,,,,5.0,,,,,,
561,3,3.0,,,,5.0,,,,,,
562,1,2.0,,,,5.0,,,,,,
563,2,4.0,,,,3.0,,,,,,
564,1,2.0,,,,5.0,,,,,,
565,1,3.0,,,,5.0,,,,,,
567,1,3.0,,,,5.0,,,,,,
568,1,3.0,,,,4.0,,,,,,
569,1,4.0,,,,5.0,,,,,,
570,2,5.0,,,,4.0,,,,,,
571,9,9.0,,,,9.0,,,,,,
572,2,2.0,,,,2.0,,,,,,
574,1,2.0,,,,4.0,,,,,,
575,9,9.0,,,,9.0,,,,,,
577,2,5.0,,,,2.0,,,,,,
578,1,1.0,,,,5.0,,,,,,
579,1,4.0,,,,4.0,,,,,,
580,2,9.0,,,,9.0,,,,,,
581,2,3.0,,,,3.0,,,,,,
582,1,9.0,,,,9.0,,,,,,
583,3,3.0,,,,3.0,,,,,,
585,2,4.0,,,,2.0,,,,,,
586,1,2.0,,,,4.0,,,,,,
587,1,4.0,,,,4.0,,,,,,
589,3,5.0,,,,4.0,,,,,,
590,2,4.0,,,,1.0,,,,,,
591,8,4.0,,,,3.0,,,,,,
592,2,4.0,,,,2.0,,,,,,
593,8,3.0,,,,3.0,,,,,,
594,2,4.0,,,,3.0,,,,,,
595,1,3.0,,,,5.0,,,,,,
596,1,4.0,,,,5.0,,,,,,
597,2,3.0,,,,3.0,,,,,,
598,1,3.0,,,,5.0,,,,,,
599,1,3.0,,,,5.0,,,,,,
600,1,2.0,,,,5.0,,,,,,
603,1,3.0,,,,4.0,,,,,,
604,3,4.0,,,,9.0,,,,,,
605,1,2.0,,,,4.0,,,,,,
606,2,2.0,,,,3.0,,,,,,
607,2,5.0,,,,3.0,,,,,,
608,1,2.0,,,,5.0,,,,,,
609,1,3.0,,,,4.0,,,,,,
610,2,5.0,,,,2.0,,,,,,
611,2,2.0,,,,2.0,,,,,,
612,2,4.0,,,,2.0,,,,,,
614,2,5.0,,,,3.0,,,,,,
615,2,4.0,,,,4.0,,,,,,
616,9,4.0,,,,3.0,,,,,,
617,1,2.0,,,,5.0,,,,,,
618,3,4.0,,,,3.0,,,,,,
619,1,4.0,,,,4.0,,,,,,
620,1,1.0,,,,5.0,,,,,,
621,2,4.0,,,,2.0,,,,,,
622,2,5.0,,,,4.0,,,,,,
623,2,5.0,,,,3.0,,,,,,
625,1,3.0,,,,4.0,,,,,,
626,1,2.0,,,,4.0,,,,,,
627,1,4.0,,,,5.0,,,,,,
628,1,4.0,,,,5.0,,,,,,
629,1,4.0,,,,3.0,,,,,,
630,2,4.0,,,,4.0,,,,,,
631,1,1.0,,,,5.0,,,,,,
632,1,2.0,,,,4.0,,,,,,
633,2,4.0,,,,2.0,,,,,,
634,1,1.0,,,,4.0,,,,,,
635,3,4.0,,,,3.0,,,,,,
636,1,3.0,,,,4.0,,,,,,
637,2,5.0,,,,2.0,,,,,,
638,2,4.0,,,,4.0,,,,,,
639,2,2.0,,,,3.0,,,,,,
640,2,9.0,,,,9.0,,,,,,
641,2,2.0,,,,3.0,,,,,,
642,2,5.0,,,,2.0,,,,,,
643,1,4.0,,,,4.0,,,,,,
644,1,4.0,,,,4.0,,,,,,
645,1,9.0,,,,9.0,,,,,,
646,1,4.0,,,,4.0,,,,,,
647,1,4.0,,,,4.0,,,,,,
648,1,4.0,,,,4.0,,,,,,
649,1,5.0,,,,4.0,,,,,,
650,2,3.0,,,,3.0,,,,,,
651,1,4.0,,,,4.0,,,,,,
652,2,4.0,,,,2.0,,,,,,
654,2,5.0,,,,2.0,,,,,,
655,1,2.0,,,,4.0,,,,,,
656,1,3.0,,,,4.0,,,,,,
657,1,3.0,,,,4.0,,,,,,
658,1,2.0,,,,4.0,,,,,,
659,1,4.0,,,,4.0,,,,,,
660,1,2.0,,,,4.0,,,,,,
661,2,2.0,,,,3.0,,,,,,
662,1,4.0,,,,4.0,,,,,,
663,1,3.0,,,,4.0,,,,,,
664,1,2.0,,,,4.0,,,,,,
665,1,4.0,,,,3.0,,,,,,
666,3,2.0,,,,4.0,,,,,,
667,3,4.0,,,,3.0,,,,,,
668,3,5.0,,,,3.0,,,,,,
669,8,4.0,,,,4.0,,,,,,
670,1,4.0,,,,4.0,,,,,,
671,1,3.0,,,,5.0,,,,,,
672,3,5.0,,,,3.0,,,,,,
673,1,5.0,,,,5.0,,,,,,
675,2,4.0,,,,3.0,,,,,,
676,1,3.0,,,,5.0,,,,,,
677,1,2.0,,,,4.0,,,,,,
678,1,2.0,,,,4.0,,,,,,
679,1,4.0,,,,4.0,,,,,,
680,1,4.0,,,,4.0,,,,,,
681,1,3.0,,,,3.0,,,,,,
682,1,3.0,,,,4.0,,,,,,
684,1,4.0,,,,4.0,,,,,,
685,2,3.0,,,,2.0,,,,,,
686,3,4.0,,,,2.0,,,,,,
687,1,3.0,,,,4.0,,,,,,
688,3,3.0,,,,3.0,,,,,,
689,2,4.0,,,,2.0,,,,,,
690,3,3.0,,,,4.0,,,,,,
691,2,4.0,,,,3.0,,,,,,
692,3,1.0,,,,2.0,,,,,,
693,2,2.0,,,,2.0,,,,,,
694,1,2.0,,,,4.0,,,,,,
695,1,2.0,,,,5.0,,,,,,
696,1,2.0,,,,5.0,,,,,,
697,1,4.0,,,,4.0,,,,,,
698,1,3.0,,,,3.0,,,,,,
699,2,4.0,,,,2.0,,,,,,
700,1,4.0,,,,4.0,,,,,,
701,8,3.0,,,,3.0,,,,,,
702,2,4.0,,,,2.0,,,,,,
703,2,4.0,,,,4.0,,,,,,
704,1,3.0,,,,4.0,,,,,,
705,3,3.0,,,,4.0,,,,,,
706,1,3.0,,,,4.0,,,,,,
707,1,3.0,,,,4.0,,,,,,
708,2,4.0,,,,3.0,,,,,,
709,1,3.0,,,,3.0,,,,,,
710,2,2.0,,,,3.0,,,,,,
711,1,2.0,,,,3.0,,,,,,
712,2,2.0,,,,3.0,,,,,,
713,1,2.0,,,,4.0,,,,,,
714,1,4.0,,,,4.0,,,,,,
715,1,2.0,,,,4.0,,,,,,
716,2,2.0,,,,2.0,,,,,,
717,1,2.0,,,,2.0,,,,,,
718,2,5.0,,,,4.0,,,,,,
719,9,3.0,,,,3.0,,,,,,
720,1,1.0,,,,5.0,,,,,,
721,3,2.0,,,,2.0,,,,,,
722,3,2.0,,,,5.0,,,,,,
723,1,4.0,,,,5.0,,,,,,
724,1,1.0,,,,4.0,,,,,,
725,1,2.0,,,,4.0,,,,,,
726,3,1.0,,,,4.0,,,,,,
727,8,4.0,,,,4.0,,,,,,
728,8,2.0,,,,9.0,,,,,,
730,3,4.0,,,,3.0,,,,,,
732,1,4.0,,,,4.0,,,,,,
734,1,4.0,,,,4.0,,,,,,
735,1,2.0,,,,4.0,,,,,,
736,2,9.0,,,,9.0,,,,,,
738,2,1.0,,,,1.0,,,,,,
739,1,5.0,,,,4.0,,,,,,
740,1,4.0,,,,4.0,,,,,,
741,2,4.0,,,,2.0,,,,,,
742,2,4.0,,,,4.0,,,,,,
743,1,5.0,,,,4.0,,,,,,
744,1,4.0,,,,4.0,,,,,,
746,1,2.0,,,,4.0,,,,,,
747,1,4.0,,,,5.0,,,,,,
748,8,2.0,,,,4.0,,,,,,
749,1,3.0,,,,4.0,,,,,,
750,1,4.0,,,,5.0,,,,,,
751,1,3.0,,,,4.0,,,,,,
752,2,4.0,,,,4.0,,,,,,
753,1,4.0,,,,4.0,,,,,,
754,1,5.0,,,,4.0,,,,,,
755,1,4.0,,,,4.0,,,,,,
756,3,4.0,,,,3.0,,,,,,
757,2,4.0,,,,3.0,,,,,,
758,1,3.0,,,,4.0,,,,,,
760,2,2.0,,,,4.0,,,,,,
761,1,3.0,,,,4.0,,,,,,
762,1,4.0,,,,5.0,,,,,,
763,8,3.0,,,,4.0,,,,,,
764,1,4.0,,,,4.0,,,,,,
765,1,4.0,,,,5.0,,,,,,
766,3,4.0,,,,4.0,,,,,,
767,1,2.0,,,,3.0,,,,,,
768,1,4.0,,,,4.0,,,,,,
769,3,3.0,,,,4.0,,,,,,
770,1,4.0,,,,4.0,,,,,,
773,2,4.0,,,,3.0,,,,,,
774,2,3.0,,,,2.0,,,,,,
777,1,4.0,,,,4.0,,,,,,
778,2,4.0,,,,3.0,,,,,,
779,1,4.0,,,,4.0,,,,,,
781,2,3.0,,,,3.0,,,,,,
782,1,3.0,,,,4.0,,,,,,
784,1,3.0,,,,3.0,,,,,,
785,1,4.0,,,,3.0,,,,,,
787,1,3.0,,,,4.0,,,,,,
788,1,8.0,,,,4.0,,,,,,
789,3,6.0,,,,4.0,,,,,,
791,2,4.0,,,,3.0,,,,,,
793,1,2.0,,,,4.0,,,,,,
794,1,4.0,,,,4.0,,,,,,
795,3,4.0,,,,4.0,,,,,,
796,2,4.0,,,,3.0,,,,,,
797,3,3.0,,,,3.0,,,,,,
798,1,2.0,,,,5.0,,,,,,
799,1,4.0,,,,5.0,,,,,,
800,1,3.0,,,,5.0,,,,,,
801,1,3.0,,,,5.0,,,,,,
802,1,2.0,,,,4.0,,,,,,
803,3,3.0,,,,4.0,,,,,,
804,3,4.0,,,,3.0,,,,,,
805,3,4.0,,,,4.0,,,,,,
806,3,4.0,,,,4.0,,,,,,
809,2,4.0,,,,3.0,,,,,,
810,1,4.0,,,,4.0,,,,,,
811,1,4.0,,,,4.0,,,,,,
812,1,3.0,,,,5.0,,,,,,
813,1,4.0,,,,5.0,,,,,,
814,1,3.0,,,,5.0,,,,,,
815,3,4.0,,,,4.0,,,,,,
816,1,4.0,,,,4.0,,,,,,
817,2,4.0,,,,4.0,,,,,,
818,2,4.0,,,,2.0,,,,,,
819,8,4.0,,,,4.0,,,,,,
821,1,3.0,,,,4.0,,,,,,
822,1,3.0,,,,4.0,,,,,,
823,1,4.0,,,,6.0,,,,,,
825,1,2.0,,,,6.0,,,,,,
830,1,4.0,,,,4.0,,,,,,
832,3,3.0,,,,3.0,,,,,,
833,1,4.0,,,,4.0,,,,,,
834,3,3.0,,,,4.0,,,,,,
835,2,4.0,,,,4.0,,,,,,
836,3,6.0,,,,4.0,,,,,,
837,2,4.0,,,,3.0,,,,,,
838,2,3.0,,,,3.0,,,,,,
840,2,2.0,,,,3.0,,,,,,
841,1,2.0,,,,5.0,,,,,,
842,2,2.0,,,,2.0,,,,,,
843,2,3.0,,,,3.0,,,,,,
844,2,2.0,,,,2.0,,,,,,
845,1,4.0,,,,4.0,,,,,,
846,2,4.0,,,,3.0,,,,,,
848,1,3.0,,,,4.0,,,,,,
849,2,3.0,,,,6.0,,,,,,
850,8,3.0,,,,3.0,,,,,,
851,2,3.0,,,,3.0,,,,,,
852,2,6.0,,,,3.0,,,,,,
853,1,3.0,,,,5.0,,,,,,
854,1,4.0,,,,4.0,,,,,,
855,3,4.0,,,,4.0,,,,,,
856,1,4.0,,,,4.0,,,,,,
857,3,4.0,,,,3.0,,,,,,
858,3,4.0,,,,3.0,,,,,,
859,1,2.0,,,,4.0,,,,,,
860,1,3.0,,,,4.0,,,,,,
861,3,3.0,,,,3.0,,,,,,
863,1,3.0,,,,3.0,,,,,,
864,1,2.0,,,,5.0,,,,,,
865,2,4.0,,,,3.0,,,,,,
866,3,8.0,,,,8.0,,,,,,
867,2,2.0,,,,4.0,,,,,,
868,1,4.0,,,,4.0,,,,,,
869,1,4.0,,,,4.0,,,,,,
870,3,3.0,,,,3.0,,,,,,
871,1,2.0,,,,4.0,,,,,,
872,1,1.0,,,,4.0,,,,,,
873,2,2.0,,,,2.0,,,,,,
874,2,4.0,,,,2.0,,,,,,
875,2,4.0,,,,2.0,,,,,,
876,1,3.0,,,,4.0,,,,,,
877,3,3.0,,,,3.0,,,,,,
878,1,3.0,,,,4.0,,,,,,
879,2,9.0,,,,9.0,,,,,,
880,1,4.0,,,,4.0,,,,,,
881,1,3.0,,,,5.0,,,,,,
882,1,3.0,,,,8.0,,,,,,
883,2,4.0,,,,3.0,,,,,,
884,3,4.0,,,,4.0,,,,,,
885,3,3.0,,,,4.0,,,,,,
886,1,3.0,,,,3.0,,,,,,
888,3,2.0,,,,2.0,,,,,,
889,2,3.0,,,,4.0,,,,,,
890,3,3.0,,,,3.0,,,,,,
891,8,3.0,,,,4.0,,,,,,
892,3,6.0,,,,3.0,,,,,,
893,1,6.0,,,,4.0,,,,,,
894,1,3.0,,,,3.0,,,,,,
895,1,3.0,,,,3.0,,,,,,
897,3,4.0,,,,6.0,,,,,,
898,2,3.0,,,,3.0,,,,,,
899,2,3.0,,,,4.0,,,,,,
900,2,4.0,,,,4.0,,,,,,
901,1,1.0,,,,4.0,,,,,,
902,1,2.0,,,,4.0,,,,,,
903,2,2.0,,,,4.0,,,,,,
904,1,3.0,,,,5.0,,,,,,
905,1,4.0,,,,4.0,,,,,,
906,3,4.0,,,,3.0,,,,,,
907,1,2.0,,,,4.0,,,,,,
908,2,4.0,,,,3.0,,,,,,
909,1,1.0,,,,5.0,,,,,,
910,1,2.0,,,,5.0,,,,,,
911,1,2.0,,,,5.0,,,,,,
912,1,1.0,,,,5.0,,,,,,
913,1,1.0,,,,5.0,,,,,,
914,1,2.0,,,,4.0,,,,,,
915,1,2.0,,,,4.0,,,,,,
916,1,3.0,,,,4.0,,,,,,
917,1,2.0,,,,4.0,,,,,,
918,1,1.0,,,,4.0,,,,,,
919,3,2.0,,,,5.0,,,,,,
920,1,1.0,,,,4.0,,,,,,
921,1,3.0,,,,3.0,,,,,,
922,3,2.0,,,,4.0,,,,,,
923,1,2.0,,,,4.0,,,,,,
924,1,4.0,,,,4.0,,,,,,
925,3,4.0,,,,3.0,,,,,,
926,2,3.0,,,,3.0,,,,,,
927,3,2.0,,,,4.0,,,,,,
928,2,3.0,,,,3.0,,,,,,
929,2,3.0,,,,4.0,,,,,,
930,1,3.0,,,,4.0,,,,,,
931,1,4.0,,,,4.0,,,,,,
932,2,5.0,,,,1.0,,,,,,
933,1,1.0,,,,3.0,,,,,,
934,1,3.0,,,,5.0,,,,,,
935,3,3.0,,,,4.0,,,,,,
936,2,4.0,,,,3.0,,,,,,
937,1,3.0,,,,4.0,,,,,,
938,1,3.0,,,,4.0,,,,,,
939,1,3.0,,,,5.0,,,,,,
940,1,3.0,,,,3.0,,,,,,
941,1,2.0,,,,4.0,,,,,,
942,3,4.0,,,,3.0,,,,,,
943,1,3.0,,,,4.0,,,,,,
944,2,2.0,,,,3.0,,,,,,
945,1,2.0,,,,5.0,,,,,,
946,1,4.0,,,,5.0,,,,,,
947,1,4.0,,,,4.0,,,,,,
948,1,3.0,,,,5.0,,,,,,
949,1,3.0,,,,4.0,,,,,,
950,2,4.0,,,,3.0,,,,,,
951,1,4.0,,,,4.0,,,,,,
952,2,4.0,,,,2.0,,,,,,
953,1,5.0,,,,4.0,,,,,,
954,1,3.0,,,,3.0,,,,,,
955,2,3.0,,,,4.0,,,,,,
956,1,4.0,,,,4.0,,,,,,
957,1,4.0,,,,4.0,,,,,,
958,1,2.0,,,,4.0,,,,,,
960,1,3.0,,,,5.0,,,,,,
961,2,4.0,,,,2.0,,,,,,
962,1,2.0,,,,4.0,,,,,,
963,1,4.0,,,,4.0,,,,,,
964,2,4.0,,,,2.0,,,,,,
965,1,4.0,,,,4.0,,,,,,
966,1,3.0,,,,4.0,,,,,,
967,1,8.0,,,,8.0,,,,,,
969,1,2.0,,,,4.0,,,,,,
971,3,4.0,,,,4.0,,,,,,
972,1,2.0,,,,5.0,,,,,,
973,1,6.0,,,,6.0,,,,,,
974,2,2.0,,,,2.0,,,,,,
975,1,2.0,,,,5.0,,,,,,
976,1,3.0,,,,4.0,,,,,,
979,1,4.0,,,,4.0,,,,,,
980,1,4.0,,,,5.0,,,,,,
981,1,4.0,,,,4.0,,,,,,
982,1,3.0,,,,4.0,,,,,,
983,1,2.0,,,,5.0,,,,,,
984,3,2.0,,,,4.0,,,,,,
985,1,4.0,,,,5.0,,,,,,
986,3,8.0,,,,8.0,,,,,,
987,2,9.0,,,,9.0,,,,,,
988,1,2.0,,,,4.0,,,,,,
989,3,9.0,,,,9.0,,,,,,
990,3,6.0,,,,6.0,,,,,,
991,1,3.0,,,,5.0,,,,,,
992,8,9.0,,,,9.0,,,,,,
993,3,2.0,,,,4.0,,,,,,
994,3,4.0,,,,4.0,,,,,,
995,3,4.0,,,,3.0,,,,,,
996,3,1.0,,,,5.0,,,,,,
997,3,3.0,,,,3.0,,,,,,
998,8,4.0,,,,4.0,,,,,,
999,2,3.0,,,,3.0,,,,,,
1000,3,9.0,,,,9.0,,,,,,
1001,1,4.0,,,,4.0,,,,,,
1002,3,4.0,,,,4.0,,,,,,
1003,1,3.0,,,,4.0,,,,,,
1004,2,4.0,,,,3.0,,,,,,
1005,3,3.0,,,,4.0,,,,,,
1006,1,4.0,,,,4.0,,,,,,
1007,2,9.0,,,,9.0,,,,,,
1008,1,2.0,,,,5.0,,,,,,
1009,2,4.0,,,,2.0,,,,,,
1011,1,4.0,,,,3.0,,,,,,
1012,2,5.0,,,,2.0,,,,,,
1013,2,3.0,,,,1.0,,,,,,
1014,1,3.0,,,,5.0,,,,,,
1015,1,4.0,,,,4.0,,,,,,
1016,3,3.0,,,,3.0,,,,,,
1017,1,3.0,,,,4.0,,,,,,
1018,1,4.0,,,,4.0,,,,,,
1019,1,4.0,,,,4.0,,,,,,
1020,1,3.0,,,,4.0,,,,,,
1021,1,1.0,,,,4.0,,,,,,
1022,1,4.0,,,,4.0,,,,,,
1023,2,4.0,,,,4.0,,,,,,
1024,1,4.0,,,,4.0,,,,,,
1025,1,4.0,,,,4.0,,,,,,
1026,1,2.0,,,,4.0,,,,,,
1028,2,4.0,,,,3.0,,,,,,
1029,1,1.0,,,,5.0,,,,,,
1030,2,3.0,,,,3.0,,,,,,
1031,1,2.0,,,,4.0,,,,,,
1032,9,8.0,,,,4.0,,,,,,
1033,1,3.0,,,,4.0,,,,,,
1034,1,4.0,,,,4.0,,,,,,
1035,1,3.0,,,,4.0,,,,,,
1036,1,2.0,,,,4.0,,,,,,
1037,1,5.0,,,,4.0,,,,,,
1038,1,4.0,,,,4.0,,,,,,
1039,3,3.0,,,,4.0,,,,,,
1040,3,4.0,,,,4.0,,,,,,
1041,8,4.0,,,,4.0,,,,,,
1042,1,2.0,,,,5.0,,,,,,
1043,1,4.0,,,,4.0,,,,,,
1044,3,4.0,,,,4.0,,,,,,
1045,1,3.0,,,,4.0,,,,,,
1046,2,4.0,,,,4.0,,,,,,
1047,1,5.0,,,,5.0,,,,,,
1048,1,4.0,,,,4.0,,,,,,
1050,1,2.0,,,,4.0,,,,,,
1051,1,3.0,,,,5.0,,,,,,
1052,1,2.0,,,,5.0,,,,,,
1053,1,2.0,,,,5.0,,,,,,
1054,1,2.0,,,,5.0,,,,,,
1055,1,2.0,,,,4.0,,,,,,
1056,1,2.0,,,,4.0,,,,,,
1057,1,2.0,,,,6.0,,,,,,
1058,3,3.0,,,,3.0,,,,,,
1059,1,2.0,,,,5.0,,,,,,
1060,1,4.0,,,,5.0,,,,,,
1061,1,3.0,,,,4.0,,,,,,
1062,3,3.0,,,,3.0,,,,,,
1063,8,3.0,,,,3.0,,,,,,
1064,2,1.0,,,,1.0,,,,,,
1065,2,3.0,,,,3.0,,,,,,
1066,8,4.0,,,,4.0,,,,,,
1067,2,8.0,,,,1.0,,,,,,
1068,2,3.0,,,,2.0,,,,,,
1069,1,2.0,,,,5.0,,,,,,
1070,3,4.0,,,,4.0,,,,,,
1071,3,4.0,,,,4.0,,,,,,
1072,1,2.0,,,,8.0,,,,,,
1073,1,3.0,,,,3.0,,,,,,
1074,3,3.0,,,,2.0,,,,,,
1075,1,2.0,,,,5.0,,,,,,
1076,3,3.0,,,,4.0,,,,,,
1077,3,2.0,,,,5.0,,,,,,
1078,1,2.0,,,,4.0,,,,,,
1079,1,2.0,,,,4.0,,,,,,
1080,3,3.0,,,,3.0,,,,,,
1081,2,4.0,,,,8.0,,,,,,
1082,1,3.0,,,,5.0,,,,,,
1085,1,2.0,,,,4.0,,,,,,
1087,2,2.0,,,,2.0,,,,,,
1088,2,2.0,,,,2.0,,,,,,
1089,2,4.0,,,,2.0,,,,,,
1093,1,3.0,,,,4.0,,,,,,
1097,1,2.0,,,,4.0,,,,,,
1100,1,8.0,,,,3.0,,,,,,
1102,2,4.0,,,,3.0,,,,,,
1103,2,3.0,,,,5.0,,,,,,
1104,3,3.0,,,,4.0,,,,,,
1111,2,4.0,,,,3.0,,,,,,
1112,1,2.0,,,,4.0,,,,,,
1113,3,2.0,,,,2.0,,,,,,
1114,3,3.0,,,,3.0,,,,,,
1115,1,3.0,,,,4.0,,,,,,
1116,3,4.0,,,,4.0,,,,,,
1117,3,3.0,,,,4.0,,,,,,
1118,1,3.0,,,,4.0,,,,,,
1119,3,3.0,,,,3.0,,,,,,
1120,2,5.0,,,,3.0,,,,,,
1123,3,4.0,,,,4.0,,,,,,
1125,1,2.0,,,,4.0,,,,,,
1126,1,3.0,,,,4.0,,,,,,
1128,1,2.0,,,,5.0,,,,,,
1129,3,2.0,,,,4.0,,,,,,
1132,2,4.0,,,,3.0,,,,,,
1133,3,5.0,,,,4.0,,,,,,
1137,8,3.0,,,,4.0,,,,,,
1138,3,3.0,,,,3.0,,,,,,
1139,1,3.0,,,,4.0,,,,,,
1140,1,2.0,,,,4.0,,,,,,
1141,9,4.0,,,,4.0,,,,,,
1143,2,2.0,,,,3.0,,,,,,
1146,2,2.0,,,,3.0,,,,,,
1147,1,3.0,,,,3.0,,,,,,
1148,9,3.0,,,,4.0,,,,,,
1150,2,4.0,,,,4.0,,,,,,
1151,1,3.0,,,,4.0,,,,,,
1152,1,3.0,,,,4.0,,,,,,
1154,2,1.0,,,,2.0,,,,,,
1156,1,3.0,,,,5.0,,,,,,
1157,1,1.0,,,,3.0,,,,,,
1158,1,1.0,,,,5.0,,,,,,
1159,2,4.0,,,,2.0,,,,,,
1161,9,4.0,,,,4.0,,,,,,
1162,1,3.0,,,,4.0,,,,,,
1163,3,3.0,,,,3.0,,,,,,
1164,1,1.0,,,,4.0,,,,,,
1166,3,2.0,,,,2.0,,,,,,
1167,1,3.0,,,,4.0,,,,,,
1168,1,3.0,,,,4.0,,,,,,
1169,1,3.0,,,,4.0,,,,,,
1170,1,3.0,,,,4.0,,,,,,
1171,1,2.0,,,,4.0,,,,,,
1173,1,4.0,,,,4.0,,,,,,
1175,2,5.0,,,,1.0,,,,,,
1176,2,4.0,,,,4.0,,,,,,
1177,1,3.0,,,,5.0,,,,,,
1181,1,4.0,,,,5.0,,,,,,
1182,2,4.0,,,,4.0,,,,,,
1183,2,4.0,,,,5.0,,,,,,
1185,1,3.0,,,,5.0,,,,,,
1187,8,2.0,,,,4.0,,,,,,
1189,1,1.0,,,,5.0,,,,,,
1191,1,2.0,,,,5.0,,,,,,
1194,3,3.0,,,,3.0,,,,,,
1195,3,3.0,,,,6.0,,,,,,
1196,1,3.0,,,,4.0,,,,,,
1197,1,3.0,,,,3.0,,,,,,
1198,1,1.0,,,,4.0,,,,,,
1199,1,3.0,,,,4.0,,,,,,
1202,1,1.0,,,,5.0,,,,,,
1205,1,3.0,,,,4.0,,,,,,
1208,3,3.0,,,,3.0,,,,,,
1209,9,9.0,,,,9.0,,,,,,
1211,3,3.0,,,,3.0,,,,,,
1215,1,5.0,,,,5.0,,,,,,
1218,1,1.0,,,,5.0,,,,,,
1219,3,3.0,,,,3.0,,,,,,
1220,3,3.0,,,,3.0,,,,,,
1221,1,3.0,,,,3.0,,,,,,
1223,2,3.0,,,,3.0,,,,,,
1224,1,3.0,,,,3.0,,,,,,
1226,2,4.0,,,,8.0,,,,,,
1227,2,1.0,,,,2.0,,,,,,
1232,1,3.0,,,,4.0,,,,,,
1236,2,3.0,,,,4.0,,,,,,
1238,2,3.0,,,,1.0,,,,,,
1244,2,4.0,,,,3.0,,,,,,
1248,3,3.0,,,,4.0,,,,,,
1250,2,4.0,,,,5.0,,,,,,
1251,2,3.0,,,,1.0,,,,,,
1254,2,3.0,,,,3.0,,,,,,
1255,1,1.0,,,,4.0,,,,,,
1260,1,3.0,,,,4.0,,,,,,
1265,1,1.0,,,,4.0,,,,,,
1266,1,3.0,,,,4.0,,,,,,
1269,2,5.0,,,,1.0,,,,,,
1270,1,2.0,,,,4.0,,,,,,
1272,1,1.0,,,,5.0,,,,,,
1273,2,4.0,,,,4.0,,,,,,
1275,1,4.0,,,,4.0,,,,,,
1276,2,2.0,,,,3.0,,,,,,
1277,2,5.0,,,,3.0,,,,,,
1278,2,4.0,,,,2.0,,,,,,
1279,1,3.0,,,,3.0,,,,,,
1280,3,5.0,,,,3.0,,,,,,
1281,1,3.0,,,,4.0,,,,,,
1285,1,3.0,,,,4.0,,,,,,
1286,3,3.0,,,,3.0,,,,,,
1287,1,1.0,,,,5.0,,,,,,
1288,1,2.0,,,,4.0,,,,,,
1289,2,4.0,,,,2.0,,,,,,
1290,3,5.0,,,,3.0,,,,,,
1293,1,2.0,,,,4.0,,,,,,
1297,1,4.0,,,,4.0,,,,,,
1298,1,4.0,,,,4.0,,,,,,
1299,1,1.0,,,,5.0,,,,,,
1301,1,2.0,,,,3.0,,,,,,
1302,1,3.0,,,,4.0,,,,,,
1303,1,4.0,,,,4.0,,,,,,
1304,2,3.0,,,,2.0,,,,,,
1306,1,1.0,,,,4.0,,,,,,
1308,1,2.0,,,,4.0,,,,,,
1315,2,4.0,,,,3.0,,,,,,
1316,1,5.0,,,,5.0,,,,,,
1317,3,4.0,,,,4.0,,,,,,
1321,2,4.0,,,,2.0,,,,,,
1322,1,2.0,,,,4.0,,,,,,
1323,1,3.0,,,,4.0,,,,,,
1325,2,4.0,,,,2.0,,,,,,
1326,2,4.0,,,,3.0,,,,,,
1327,2,4.0,,,,2.0,,,,,,
1328,1,3.0,,,,4.0,,,,,,
1329,1,3.0,,,,4.0,,,,,,
1331,1,3.0,,,,5.0,,,,,,
1332,2,4.0,,,,3.0,,,,,,
1335,1,1.0,,,,4.0,,,,,,
1336,2,4.0,,,,3.0,,,,,,
1340,2,4.0,,,,4.0,,,,,,
1342,1,1.0,,,,5.0,,,,,,
1343,1,6.0,,,,3.0,,,,,,
1344,1,3.0,,,,5.0,,,,,,
1345,1,1.0,,,,5.0,,,,,,
1346,1,3.0,,,,4.0,,,,,,
1348,2,3.0,,,,3.0,,,,,,
1349,1,3.0,,,,6.0,,,,,,
1350,2,3.0,,,,4.0,,,,,,
1357,2,5.0,,,,2.0,,,,,,
1363,1,1.0,,,,5.0,,,,,,
1368,2,4.0,,,,4.0,,,,,,
1371,1,3.0,,,,4.0,,,,,,
1372,2,3.0,,,,4.0,,,,,,
1373,2,4.0,,,,3.0,,,,,,
1377,2,4.0,,,,3.0,,,,,,
1378,2,4.0,,,,3.0,,,,,,
1380,2,2.0,,,,4.0,,,,,,
1382,2,5.0,,,,3.0,,,,,,
1383,2,5.0,,,,2.0,,,,,,
1386,2,2.0,,,,4.0,,,,,,
1388,2,3.0,,,,4.0,,,,,,
1390,3,3.0,,,,3.0,,,,,,
1402,2,3.0,,,,3.0,,,,,,
1408,2,2.0,,,,3.0,,,,,,
1411,1,5.0,,,,4.0,,,,,,
1412,3,4.0,,,,3.0,,,,,,
1413,2,5.0,,,,3.0,,,,,,
1423,1,2.0,,,,4.0,,,,,,
1424,2,2.0,,,,4.0,,,,,,
1425,3,3.0,,,,3.0,,,,,,
1426,3,4.0,,,,3.0,,,,,,
1427,2,4.0,,,,1.0,,,,,,
1428,3,2.0,,,,4.0,,,,,,
1429,2,5.0,,,,3.0,,,,,,
1441,1,2.0,,,,5.0,,,,,,
1443,1,1.0,,,,5.0,,,,,,
1445,3,4.0,,,,4.0,,,,,,
1446,2,3.0,,,,3.0,,,,,,
1447,1,2.0,,,,2.0,,,,,,
1448,1,2.0,,,,6.0,,,,,,
1449,1,6.0,,,,3.0,,,,,,
1450,3,1.0,,,,4.0,,,,,,
1451,1,3.0,,,,3.0,,,,,,
1454,1,4.0,,,,3.0,,,,,,
1455,1,5.0,,,,4.0,,,,,,
1457,3,3.0,,,,3.0,,,,,,
1458,1,2.0,,,,3.0,,,,,,
1459,1,4.0,,,,4.0,,,,,,
1460,1,3.0,,,,4.0,,,,,,
1461,1,4.0,,,,3.0,,,,,,
1462,2,4.0,,,,3.0,,,,,,
1463,2,4.0,,,,4.0,,,,,,
1464,2,3.0,,,,3.0,,,,,,
1465,2,3.0,,,,2.0,,,,,,
1466,3,4.0,,,,4.0,,,,,,
1467,3,4.0,,,,5.0,,,,,,
1468,1,3.0,,,,4.0,,,,,,
1470,2,3.0,,,,4.0,,,,,,
1471,2,4.0,,,,2.0,,,,,,
1472,1,4.0,,,,3.0,,,,,,
1473,1,3.0,,,,4.0,,,,,,
1475,3,4.0,,,,3.0,,,,,,
1479,1,4.0,,,,4.0,,,,,,
1481,1,1.0,,,,5.0,,,,,,
1482,1,4.0,,,,4.0,,,,,,
1485,1,3.0,,,,3.0,,,,,,
1487,1,3.0,,,,4.0,,,,,,
1488,1,2.0,,,,3.0,,,,,,
1490,8,3.0,,,,4.0,,,,,,
1491,3,3.0,,,,4.0,,,,,,
1493,8,3.0,,,,4.0,,,,,,
1494,1,2.0,,,,4.0,,,,,,
1495,3,2.0,,,,4.0,,,,,,
1496,2,4.0,,,,3.0,,,,,,
1497,1,8.0,,,,8.0,,,,,,
1498,1,3.0,,,,4.0,,,,,,
1499,1,3.0,,,,4.0,,,,,,
1500,1,3.0,,,,3.0,,,,,,
1502,1,3.0,,,,5.0,,,,,,
1504,1,2.0,,,,5.0,,,,,,
1505,1,3.0,,,,4.0,,,,,,
1506,3,3.0,,,,4.0,,,,,,
1507,1,3.0,,,,5.0,,,,,,
1509,1,2.0,,,,5.0,,,,,,
1510,1,4.0,,,,4.0,,,,,,
1512,1,3.0,,,,4.0,,,,,,
1513,1,4.0,,,,4.0,,,,,,
1514,1,8.0,,,,4.0,,,,,,
1515,2,4.0,,,,2.0,,,,,,
1516,1,4.0,,,,4.0,,,,,,
1517,1,2.0,,,,4.0,,,,,,
1523,1,2.0,,,,4.0,,,,,,
1525,2,3.0,,,,3.0,,,,,,
1526,1,3.0,,,,5.0,,,,,,
1527,2,4.0,,,,4.0,,,,,,
1528,1,3.0,,,,5.0,,,,,,
1529,3,3.0,,,,4.0,,,,,,
1531,1,2.0,,,,5.0,,,,,,
1532,1,2.0,,,,5.0,,,,,,
1533,2,3.0,,,,4.0,,,,,,
1534,3,3.0,,,,3.0,,,,,,
1535,3,3.0,,,,4.0,,,,,,
1536,1,4.0,,,,4.0,,,,,,
1537,2,4.0,,,,4.0,,,,,,
1539,1,3.0,,,,5.0,,,,,,
1540,3,3.0,,,,3.0,,,,,,
1543,3,3.0,,,,3.0,,,,,,
1545,2,3.0,,,,3.0,,,,,,
1548,2,3.0,,,,3.0,,,,,,
1549,1,3.0,,,,4.0,,,,,,
1550,1,4.0,,,,4.0,,,,,,
1551,1,3.0,,,,5.0,,,,,,
1552,3,3.0,,,,4.0,,,,,,
1553,3,4.0,,,,4.0,,,,,,
1554,3,3.0,,,,3.0,,,,,,
1555,2,4.0,,,,2.0,,,,,,
1556,1,1.0,,,,5.0,,,,,,
1557,2,2.0,,,,4.0,,,,,,
1558,1,2.0,,,,4.0,,,,,,
1563,2,4.0,,,,2.0,,,,,,
1566,3,4.0,,,,4.0,,,,,,
1570,2,4.0,,,,4.0,,,,,,
1571,2,4.0,,,,3.0,,,,,,
1572,1,2.0,,,,4.0,,,,,,
1574,2,3.0,,,,4.0,,,,,,
1576,1,4.0,,,,2.0,,,,,,
1577,3,4.0,,,,3.0,,,,,,
1580,9,5.0,,,,4.0,,,,,,
1581,2,5.0,,,,3.0,,,,,,
1585,3,3.0,,,,4.0,,,,,,
1587,1,1.0,,,,4.0,,,,,,
1588,1,2.0,,,,3.0,,,,,,
1589,2,2.0,,,,4.0,,,,,,
1590,3,3.0,,,,3.0,,,,,,
1591,3,4.0,,,,4.0,,,,,,
1592,1,2.0,,,,2.0,,,,,,
1593,1,4.0,,,,4.0,,,,,,
1594,1,2.0,,,,2.0,,,,,,
1595,3,2.0,,,,4.0,,,,,,
1596,3,6.0,,,,4.0,,,,,,
1597,2,4.0,,,,3.0,,,,,,
1598,3,4.0,,,,4.0,,,,,,
1600,3,8.0,,,,3.0,,,,,,
1601,2,3.0,,,,5.0,,,,,,
1602,3,2.0,,,,5.0,,,,,,
1604,3,1.0,,,,3.0,,,,,,
1606,2,3.0,,,,3.0,,,,,,
1607,1,3.0,,,,5.0,,,,,,
1608,1,2.0,,,,5.0,,,,,,
1615,1,1.0,,,,3.0,,,,,,
1616,1,2.0,,,,3.0,,,,,,
1619,1,1.0,,,,5.0,,,,,,
1620,1,4.0,,,,4.0,,,,,,
1622,1,2.0,,,,4.0,,,,,,
1623,1,3.0,,,,4.0,,,,,,
1624,1,2.0,,,,5.0,,,,,,
1625,3,4.0,,,,4.0,,,,,,
1626,2,4.0,,,,4.0,,,,,,
1657,1,1.0,,,,4.0,,,,,,
1658,1,3.0,,,,3.0,,,,,,
1660,1,4.0,,,,1.0,,,,,,
1662,1,4.0,,,,2.0,,,,,,
1663,3,3.0,,,,4.0,,,,,,
1664,2,2.0,,,,4.0,,,,,,
1666,1,3.0,,,,4.0,,,,,,
1668,3,4.0,,,,3.0,,,,,,
1669,1,3.0,,,,4.0,,,,,,
1670,1,2.0,,,,4.0,,,,,,
1673,2,9.0,,,,9.0,,,,,,
1675,1,9.0,,,,4.0,,,,,,
1677,1,3.0,,,,4.0,,,,,,
1679,1,3.0,,,,4.0,,,,,,
1680,2,5.0,,,,2.0,,,,,,
1681,1,3.0,,,,4.0,,,,,,
1682,1,4.0,,,,4.0,,,,,,
1686,2,3.0,,,,4.0,,,,,,
1687,1,2.0,,,,4.0,,,,,,
1688,1,2.0,,,,4.0,,,,,,
1689,1,2.0,,,,5.0,,,,,,
1690,1,2.0,,,,5.0,,,,,,
1691,1,4.0,,,,4.0,,,,,,
1692,3,4.0,,,,4.0,,,,,,
1693,1,3.0,,,,3.0,,,,,,
1694,8,6.0,,,,4.0,,,,,,
1698,2,2.0,,,,3.0,,,,,,
1699,9,3.0,,,,3.0,,,,,,
1700,1,3.0,,,,4.0,,,,,,
1701,2,3.0,,,,3.0,,,,,,
1702,2,3.0,,,,4.0,,,,,,
1704,2,4.0,,,,3.0,,,,,,
1706,3,4.0,,,,2.0,,,,,,
1708,1,2.0,,,,3.0,,,,,,
1709,1,3.0,,,,4.0,,,,,,
1711,2,3.0,,,,1.0,,,,,,
1713,1,4.0,,,,4.0,,,,,,
1717,2,4.0,,,,4.0,,,,,,
1719,2,4.0,,,,4.0,,,,,,
1720,2,4.0,,,,1.0,,,,,,
1721,1,2.0,,,,5.0,,,,,,
1722,1,3.0,,,,5.0,,,,,,
1723,1,8.0,,,,4.0,,,,,,
1724,1,3.0,,,,4.0,,,,,,
1725,2,4.0,,,,4.0,,,,,,
1727,2,4.0,,,,3.0,,,,,,
1729,1,6.0,,,,6.0,,,,,,
1730,2,4.0,,,,4.0,,,,,,
1731,1,4.0,,,,4.0,,,,,,
1732,2,4.0,,,,4.0,,,,,,
1733,3,4.0,,,,3.0,,,,,,
1734,2,4.0,,,,3.0,,,,,,
1740,3,3.0,,,,4.0,,,,,,
1742,2,4.0,,,,4.0,,,,,,
1743,1,2.0,,,,4.0,,,,,,
1744,2,3.0,,,,4.0,,,,,,
1749,3,3.0,,,,4.0,,,,,,
1751,1,2.0,,,,4.0,,,,,,
1752,1,2.0,,,,4.0,,,,,,
1753,1,4.0,,,,4.0,,,,,,
1754,1,4.0,,,,4.0,,,,,,
1756,1,4.0,,,,4.0,,,,,,
1757,2,2.0,,,,3.0,,,,,,
1759,2,3.0,,,,3.0,,,,,,
1761,2,3.0,,,,4.0,,,,,,
1763,2,4.0,,,,3.0,,,,,,
1765,1,4.0,,,,4.0,,,,,,
1766,2,4.0,,,,2.0,,,,,,
1767,3,3.0,,,,3.0,,,,,,
1769,2,4.0,,,,3.0,,,,,,
1772,1,1.0,,,,5.0,,,,,,
1773,1,3.0,,,,5.0,,,,,,
1775,3,4.0,,,,3.0,,,,,,
1776,1,3.0,,,,4.0,,,,,,
1777,1,3.0,,,,5.0,,,,,,
1779,2,1.0,,,,1.0,,,,,,
1780,1,9.0,,,,4.0,,,,,,
1783,2,3.0,,,,3.0,,,,,,
1784,3,2.0,,,,5.0,,,,,,
1785,3,2.0,,,,4.0,,,,,,
1787,3,2.0,,,,3.0,,,,,,
1788,3,2.0,,,,2.0,,,,,,
1791,3,4.0,,,,3.0,,,,,,
1793,1,2.0,,,,5.0,,,,,,
1796,1,2.0,,,,5.0,,,,,,
1797,3,8.0,,,,8.0,,,,,,
1798,2,8.0,,,,8.0,,,,,,
1800,2,8.0,,,,8.0,,,,,,
1801,1,2.0,,,,3.0,,,,,,
1802,1,2.0,,,,4.0,,,,,,
1803,1,3.0,,,,5.0,,,,,,
1804,1,3.0,,,,4.0,,,,,,
1805,1,3.0,,,,5.0,,,,,,
1806,1,2.0,,,,4.0,,,,,,
1811,2,1.0,,,,3.0,,,,,,
1819,2,4.0,,,,3.0,,,,,,
1821,2,4.0,,,,2.0,,,,,,
1826,2,4.0,,,,4.0,,,,,,
1831,2,3.0,,,,4.0,,,,,,
1832,1,2.0,,,,5.0,,,,,,
1834,2,3.0,,,,2.0,,,,,,
1836,1,3.0,,,,5.0,,,,,,
1837,2,3.0,,,,3.0,,,,,,
1838,1,3.0,,,,4.0,,,,,,
1839,3,3.0,,,,3.0,,,,,,
1841,1,2.0,,,,4.0,,,,,,
1842,2,3.0,,,,3.0,,,,,,
1843,1,2.0,,,,4.0,,,,,,
1845,1,4.0,,,,5.0,,,,,,
1847,1,1.0,,,,5.0,,,,,,
1848,1,3.0,,,,4.0,,,,,,
1849,2,5.0,,,,2.0,,,,,,
1850,3,3.0,,,,4.0,,,,,,
1851,3,3.0,,,,3.0,,,,,,
1853,1,3.0,,,,4.0,,,,,,
1854,1,4.0,,,,4.0,,,,,,
1856,3,3.0,,,,1.0,,,,,,
1857,1,3.0,,,,4.0,,,,,,
1858,3,4.0,,,,4.0,,,,,,
1859,2,4.0,,,,3.0,,,,,,
1860,1,2.0,,,,4.0,,,,,,
1862,3,3.0,,,,3.0,,,,,,
1863,1,3.0,,,,4.0,,,,,,
1864,2,4.0,,,,2.0,,,,,,
1865,3,4.0,,,,4.0,,,,,,
1867,1,2.0,,,,4.0,,,,,,
1868,9,2.0,,,,3.0,,,,,,
1869,2,4.0,,,,2.0,,,,,,
1870,1,2.0,,,,5.0,,,,,,
1871,3,3.0,,,,4.0,,,,,,
1872,2,4.0,,,,3.0,,,,,,
1873,1,3.0,,,,4.0,,,,,,
1876,1,5.0,,,,4.0,,,,,,
1878,3,3.0,,,,3.0,,,,,,
1879,1,1.0,,,,5.0,,,,,,
1881,1,3.0,,,,4.0,,,,,,
1885,2,3.0,,,,5.0,,,,,,
1886,1,3.0,,,,4.0,,,,,,
1887,1,3.0,,,,5.0,,,,,,
1889,1,4.0,,,,5.0,,,,,,
1890,1,3.0,,,,5.0,,,,,,
1891,2,5.0,,,,2.0,,,,,,
1892,3,9.0,,,,9.0,,,,,,
1894,2,2.0,,,,3.0,,,,,,
1895,1,5.0,,,,3.0,,,,,,
1897,1,1.0,,,,3.0,,,,,,
1898,1,2.0,,,,5.0,,,,,,
1899,1,6.0,,,,6.0,,,,,,
1900,1,9.0,,,,5.0,,,,,,
1901,1,1.0,,,,5.0,,,,,,
1902,1,1.0,,,,5.0,,,,,,
1903,2,2.0,,,,2.0,,,,,,
1904,3,1.0,,,,1.0,,,,,,
1905,8,2.0,,,,4.0,,,,,,
1906,3,1.0,,,,1.0,,,,,,
1907,1,3.0,,,,4.0,,,,,,
1908,2,4.0,,,,3.0,,,,,,
1909,3,2.0,,,,3.0,,,,,,
1910,1,5.0,,,,5.0,,,,,,
1911,1,2.0,,,,4.0,,,,,,
1912,2,3.0,,,,2.0,,,,,,
1913,3,4.0,,,,4.0,,,,,,
1914,1,1.0,,,,4.0,,,,,,
1915,3,2.0,,,,4.0,,,,,,
1916,2,1.0,,,,3.0,,,,,,
1917,1,3.0,,,,5.0,,,,,,
1918,1,1.0,,,,5.0,,,,,,
1919,2,2.0,,,,3.0,,,,,,
1920,2,3.0,,,,3.0,,,,,,
1921,2,4.0,,,,2.0,,,,,,
1922,2,5.0,,,,1.0,,,,,,
1923,3,2.0,,,,4.0,,,,,,
1924,3,3.0,,,,3.0,,,,,,
1925,2,2.0,,,,4.0,,,,,,
1926,3,3.0,,,,4.0,,,,,,
1927,2,4.0,,,,2.0,,,,,,
1928,3,8.0,,,,8.0,,,,,,
1929,1,4.0,,,,4.0,,,,,,
1930,2,2.0,,,,4.0,,,,,,
1931,1,4.0,,,,4.0,,,,,,
1935,3,4.0,,,,4.0,,,,,,
1936,1,4.0,,,,5.0,,,,,,
1937,3,5.0,,,,2.0,,,,,,
1938,2,5.0,,,,5.0,,,,,,
1939,3,9.0,,,,9.0,,,,,,
1941,1,9.0,,,,9.0,,,,,,
1944,1,2.0,,,,4.0,,,,,,
1945,2,1.0,,,,1.0,,,,,,
1946,2,3.0,,,,3.0,,,,,,
1947,2,9.0,,,,9.0,,,,,,
1948,1,2.0,,,,3.0,,,,,,
1949,1,2.0,,,,4.0,,,,,,
1951,1,1.0,,,,5.0,,,,,,
1952,1,4.0,,,,4.0,,,,,,
1953,3,4.0,,,,4.0,,,,,,
1954,1,4.0,,,,4.0,,,,,,
1955,1,2.0,,,,5.0,,,,,,
1957,1,4.0,,,,4.0,,,,,,
1958,1,2.0,,,,4.0,,,,,,
1959,1,2.0,,,,5.0,,,,,,
1960,1,3.0,,,,4.0,,,,,,
1961,1,2.0,,,,5.0,,,,,,
1962,1,3.0,,,,4.0,,,,,,
1963,3,8.0,,,,4.0,,,,,,
1964,1,1.0,,,,5.0,,,,,,
1965,1,3.0,,,,3.0,,,,,,
1966,2,6.0,,,,3.0,,,,,,
1967,1,4.0,,,,4.0,,,,,,
1968,1,2.0,,,,4.0,,,,,,
1969,3,4.0,,,,4.0,,,,,,
1970,2,2.0,,,,4.0,,,,,,
1971,3,3.0,,,,4.0,,,,,,
1972,3,4.0,,,,5.0,,,,,,
1973,1,4.0,,,,3.0,,,,,,
1975,8,3.0,,,,3.0,,,,,,
1977,1,2.0,,,,5.0,,,,,,
1978,3,4.0,,,,3.0,,,,,,
1979,2,5.0,,,,2.0,,,,,,
1980,1,4.0,,,,3.0,,,,,,
1981,1,4.0,,,,3.0,,,,,,
1983,2,1.0,,,,4.0,,,,,,
1985,1,3.0,,,,3.0,,,,,,
1989,1,2.0,,,,4.0,,,,,,
1990,3,3.0,,,,8.0,,,,,,
1991,3,2.0,,,,6.0,,,,,,
1992,1,3.0,,,,4.0,,,,,,
3,3,3.0,,,,3.0,1.0,,,,,
8,2,4.0,,,,2.0,2.0,,,,,
13,3,4.0,,,,3.0,2.0,,,,,
14,2,2.0,,,,3.0,4.0,,,,,
21,1,4.0,,,,4.0,8.0,,,,,
22,1,4.0,,,,4.0,2.0,,,,,
27,2,4.0,,,,1.0,4.0,,,,,
30,2,3.0,,,,3.0,3.0,,,,,
42,2,9.0,,,,2.0,9.0,,,,,
46,3,4.0,,,,2.0,2.0,,,,,
114,2,3.0,,,,3.0,2.0,,,,,
151,2,3.0,,,,3.0,3.0,,,,,
161,8,3.0,,,,5.0,3.0,,,,,
163,2,3.0,,,,3.0,3.0,,,,,
171,3,6.0,,,,6.0,6.0,,,,,
173,3,2.0,,,,4.0,1.0,,,,,
184,1,3.0,,,,4.0,6.0,,,,,
190,2,9.0,,,,9.0,9.0,,,,,
202,2,9.0,,,,1.0,2.0,,,,,
204,2,5.0,,,,1.0,3.0,,,,,
205,2,9.0,,,,2.0,6.0,,,,,
229,1,1.0,,,,4.0,1.0,,,,,
234,1,3.0,,,,4.0,3.0,,,,,
245,2,2.0,,,,3.0,1.0,,,,,
250,3,4.0,,,,4.0,2.0,,,,,
252,1,3.0,,,,4.0,3.0,,,,,
255,8,2.0,,,,4.0,2.0,,,,,
256,1,2.0,,,,4.0,2.0,,,,,
258,3,9.0,,,,9.0,9.0,,,,,
261,2,3.0,,,,2.0,3.0,,,,,
268,3,3.0,,,,3.0,3.0,,,,,
271,1,3.0,,,,4.0,6.0,,,,,
278,2,4.0,,,,2.0,2.0,,,,,
279,1,2.0,,,,5.0,1.0,,,,,
280,2,4.0,,,,1.0,3.0,,,,,
281,3,1.0,,,,3.0,2.0,,,,,
282,2,3.0,,,,2.0,2.0,,,,,
285,2,2.0,,,,2.0,2.0,,,,,
286,2,9.0,,,,9.0,2.0,,,,,
289,8,8.0,,,,8.0,8.0,,,,,
290,2,2.0,,,,1.0,3.0,,,,,
291,2,4.0,,,,3.0,2.0,,,,,
292,1,2.0,,,,4.0,2.0,,,,,
302,2,1.0,,,,4.0,2.0,,,,,
304,1,2.0,,,,4.0,1.0,,,,,
314,8,4.0,,,,3.0,3.0,,,,,
321,3,3.0,,,,3.0,8.0,,,,,
340,2,9.0,,,,9.0,9.0,,,,,
348,2,9.0,,,,9.0,9.0,,,,,
354,1,3.0,,,,4.0,2.0,,,,,
362,2,1.0,,,,2.0,1.0,,,,,
368,3,3.0,,,,2.0,4.0,,,,,
373,2,4.0,,,,2.0,3.0,,,,,
377,1,5.0,,,,5.0,4.0,,,,,
384,2,1.0,,,,2.0,4.0,,,,,
397,3,2.0,,,,3.0,2.0,,,,,
398,2,4.0,,,,2.0,4.0,,,,,
404,1,4.0,,,,4.0,3.0,,,,,
408,1,3.0,,,,5.0,1.0,,,,,
413,1,4.0,,,,5.0,4.0,,,,,
433,2,1.0,,,,4.0,1.0,,,,,
443,1,3.0,,,,4.0,2.0,,,,,
444,2,3.0,,,,2.0,6.0,,,,,
453,1,4.0,,,,4.0,2.0,,,,,
455,3,3.0,,,,3.0,8.0,,,,,
466,9,9.0,,,,9.0,9.0,,,,,
469,2,3.0,,,,2.0,3.0,,,,,
470,2,4.0,,,,3.0,3.0,,,,,
487,3,2.0,,,,4.0,2.0,,,,,
489,1,8.0,,,,3.0,8.0,,,,,
497,1,4.0,,,,4.0,6.0,,,,,
498,2,4.0,,,,3.0,3.0,,,,,
501,9,9.0,,,,9.0,9.0,,,,,
508,2,3.0,,,,4.0,6.0,,,,,
515,2,8.0,,,,3.0,2.0,,,,,
517,2,2.0,,,,2.0,2.0,,,,,
520,3,4.0,,,,8.0,4.0,,,,,
532,3,4.0,,,,3.0,6.0,,,,,
544,2,3.0,,,,2.0,3.0,,,,,
545,2,4.0,,,,2.0,8.0,,,,,
549,1,9.0,,,,9.0,9.0,,,,,
550,3,6.0,,,,4.0,6.0,,,,,
558,1,8.0,,,,8.0,8.0,,,,,
566,1,3.0,,,,3.0,4.0,,,,,
576,2,4.0,,,,4.0,4.0,,,,,
584,1,2.0,,,,3.0,2.0,,,,,
588,2,3.0,,,,3.0,2.0,,,,,
601,2,2.0,,,,8.0,4.0,,,,,
602,2,3.0,,,,8.0,4.0,,,,,
613,2,3.0,,,,3.0,3.0,,,,,
653,1,2.0,,,,4.0,4.0,,,,,
674,2,4.0,,,,2.0,3.0,,,,,
683,2,4.0,,,,2.0,4.0,,,,,
729,1,2.0,,,,3.0,2.0,,,,,
731,1,3.0,,,,4.0,2.0,,,,,
733,2,4.0,,,,4.0,2.0,,,,,
737,1,2.0,,,,4.0,1.0,,,,,
745,2,4.0,,,,4.0,4.0,,,,,
759,2,4.0,,,,2.0,4.0,,,,,
771,1,2.0,,,,5.0,2.0,,,,,
772,1,2.0,,,,5.0,8.0,,,,,
775,2,8.0,,,,8.0,4.0,,,,,
776,1,3.0,,,,3.0,4.0,,,,,
780,2,4.0,,,,3.0,3.0,,,,,
783,2,4.0,,,,2.0,4.0,,,,,
790,1,3.0,,,,4.0,2.0,,,,,
792,2,2.0,,,,2.0,2.0,,,,,
807,1,2.0,,,,5.0,2.0,,,,,
820,2,4.0,,,,4.0,4.0,,,,,
824,8,4.0,,,,3.0,8.0,,,,,
828,2,4.0,,,,2.0,8.0,,,,,
829,2,5.0,,,,2.0,4.0,,,,,
831,1,2.0,,,,4.0,1.0,,,,,
839,2,9.0,,,,8.0,8.0,,,,,
847,2,3.0,,,,2.0,2.0,,,,,
862,3,4.0,,,,3.0,2.0,,,,,
887,1,2.0,,,,5.0,2.0,,,,,
959,1,3.0,,,,4.0,4.0,,,,,
968,8,4.0,,,,3.0,8.0,,,,,
970,2,4.0,,,,3.0,4.0,,,,,
977,1,4.0,,,,4.0,3.0,,,,,
978,1,3.0,,,,4.0,2.0,,,,,
1010,1,4.0,,,,4.0,4.0,,,,,
1027,2,3.0,,,,3.0,2.0,,,,,
1049,2,4.0,,,,1.0,4.0,,,,,
1083,1,1.0,,,,5.0,2.0,,,,,
1084,1,4.0,,,,4.0,8.0,,,,,
1086,1,1.0,,,,5.0,1.0,,,,,
1090,2,4.0,,,,4.0,4.0,,,,,
1091,2,4.0,,,,3.0,6.0,,,,,
1092,2,4.0,,,,1.0,4.0,,,,,
1095,3,3.0,,,,8.0,6.0,,,,,
1098,2,3.0,,,,3.0,3.0,,,,,
1099,2,5.0,,,,1.0,3.0,,,,,
1101,2,4.0,,,,4.0,4.0,,,,,
1106,2,9.0,,,,9.0,9.0,,,,,
1107,2,4.0,,,,4.0,3.0,,,,,
1108,2,9.0,,,,9.0,9.0,,,,,
1109,2,4.0,,,,3.0,2.0,,,,,
1110,2,3.0,,,,4.0,3.0,,,,,
1121,1,2.0,,,,4.0,2.0,,,,,
1130,2,3.0,,,,4.0,4.0,,,,,
1131,2,2.0,,,,2.0,2.0,,,,,
1134,2,3.0,,,,3.0,2.0,,,,,
1136,3,2.0,,,,5.0,2.0,,,,,
1142,3,3.0,,,,3.0,4.0,,,,,
1149,1,4.0,,,,5.0,4.0,,,,,
1153,9,3.0,,,,2.0,8.0,,,,,
1165,1,4.0,,,,4.0,2.0,,,,,
1172,2,3.0,,,,1.0,4.0,,,,,
1174,9,1.0,,,,1.0,2.0,,,,,
1179,3,3.0,,,,3.0,3.0,,,,,
1180,2,5.0,,,,1.0,5.0,,,,,
1184,3,9.0,,,,9.0,9.0,,,,,
1186,3,9.0,,,,9.0,9.0,,,,,
1188,1,3.0,,,,4.0,5.0,,,,,
1190,3,2.0,,,,4.0,2.0,,,,,
1192,3,8.0,,,,9.0,9.0,,,,,
1193,3,3.0,,,,3.0,2.0,,,,,
1200,2,4.0,,,,2.0,4.0,,,,,
1201,2,3.0,,,,3.0,1.0,,,,,
1203,2,1.0,,,,1.0,2.0,,,,,
1204,2,3.0,,,,1.0,1.0,,,,,
1206,1,4.0,,,,5.0,4.0,,,,,
1207,2,2.0,,,,1.0,1.0,,,,,
1212,3,3.0,,,,3.0,2.0,,,,,
1213,3,4.0,,,,4.0,2.0,,,,,
1214,2,2.0,,,,2.0,3.0,,,,,
1217,2,4.0,,,,2.0,2.0,,,,,
1222,3,2.0,,,,2.0,2.0,,,,,
1228,2,3.0,,,,2.0,2.0,,,,,
1229,2,1.0,,,,2.0,4.0,,,,,
1233,2,4.0,,,,2.0,2.0,,,,,
1234,2,4.0,,,,3.0,5.0,,,,,
1235,2,4.0,,,,2.0,5.0,,,,,
1237,2,2.0,,,,4.0,2.0,,,,,
1239,3,3.0,,,,3.0,8.0,,,,,
1241,1,4.0,,,,4.0,3.0,,,,,
1243,2,4.0,,,,1.0,3.0,,,,,
1246,2,2.0,,,,3.0,1.0,,,,,
1247,1,2.0,,,,4.0,6.0,,,,,
1249,2,6.0,,,,5.0,8.0,,,,,
1253,3,2.0,,,,3.0,2.0,,,,,
1256,3,1.0,,,,4.0,3.0,,,,,
1258,3,1.0,,,,5.0,1.0,,,,,
1261,1,2.0,,,,4.0,2.0,,,,,
1264,2,3.0,,,,2.0,3.0,,,,,
1268,2,3.0,,,,1.0,4.0,,,,,
1271,2,3.0,,,,3.0,3.0,,,,,
1274,3,2.0,,,,2.0,2.0,,,,,
1282,2,1.0,,,,2.0,1.0,,,,,
1283,2,6.0,,,,3.0,6.0,,,,,
1284,2,2.0,,,,2.0,2.0,,,,,
1291,2,1.0,,,,3.0,1.0,,,,,
1292,3,1.0,,,,5.0,2.0,,,,,
1296,1,2.0,,,,5.0,5.0,,,,,
1300,2,5.0,,,,1.0,5.0,,,,,
1307,1,4.0,,,,5.0,2.0,,,,,
1309,3,9.0,,,,9.0,9.0,,,,,
1310,2,5.0,,,,2.0,5.0,,,,,
1311,2,9.0,,,,9.0,9.0,,,,,
1312,9,9.0,,,,9.0,9.0,,,,,
1313,2,5.0,,,,1.0,8.0,,,,,
1314,1,3.0,,,,3.0,3.0,,,,,
1318,2,3.0,,,,3.0,6.0,,,,,
1319,1,2.0,,,,5.0,1.0,,,,,
1320,2,9.0,,,,9.0,9.0,,,,,
1324,2,5.0,,,,1.0,4.0,,,,,
1330,2,4.0,,,,2.0,6.0,,,,,
1333,2,4.0,,,,4.0,1.0,,,,,
1334,9,2.0,,,,2.0,1.0,,,,,
1337,1,4.0,,,,5.0,1.0,,,,,
1339,3,1.0,,,,3.0,1.0,,,,,
1341,2,4.0,,,,2.0,3.0,,,,,
1351,2,4.0,,,,1.0,3.0,,,,,
1352,2,4.0,,,,2.0,3.0,,,,,
1353,1,3.0,,,,3.0,3.0,,,,,
1355,2,3.0,,,,3.0,3.0,,,,,
1356,2,4.0,,,,2.0,4.0,,,,,
1358,1,3.0,,,,5.0,1.0,,,,,
1359,3,3.0,,,,3.0,3.0,,,,,
1360,2,5.0,,,,2.0,4.0,,,,,
1361,1,2.0,,,,4.0,1.0,,,,,
1362,2,5.0,,,,1.0,5.0,,,,,
1367,2,4.0,,,,1.0,4.0,,,,,
1375,2,2.0,,,,2.0,2.0,,,,,
1376,2,5.0,,,,1.0,2.0,,,,,
1379,1,3.0,,,,5.0,2.0,,,,,
1381,2,5.0,,,,1.0,4.0,,,,,
1385,2,4.0,,,,1.0,4.0,,,,,
1387,3,4.0,,,,2.0,4.0,,,,,
1391,9,9.0,,,,9.0,9.0,,,,,
1392,2,2.0,,,,4.0,3.0,,,,,
1393,2,3.0,,,,1.0,3.0,,,,,
1394,2,2.0,,,,2.0,1.0,,,,,
1396,2,4.0,,,,1.0,4.0,,,,,
1397,1,1.0,,,,4.0,1.0,,,,,
1399,3,2.0,,,,4.0,1.0,,,,,
1403,2,2.0,,,,3.0,4.0,,,,,
1404,1,2.0,,,,4.0,1.0,,,,,
1406,1,2.0,,,,5.0,1.0,,,,,
1409,3,1.0,,,,5.0,3.0,,,,,
1410,2,3.0,,,,3.0,4.0,,,,,
1414,1,3.0,,,,5.0,2.0,,,,,
1415,2,1.0,,,,6.0,6.0,,,,,
1417,2,1.0,,,,1.0,2.0,,,,,
1418,1,1.0,,,,5.0,1.0,,,,,
1419,2,4.0,,,,1.0,4.0,,,,,
1430,2,3.0,,,,2.0,4.0,,,,,
1431,2,5.0,,,,2.0,4.0,,,,,
1433,2,4.0,,,,1.0,2.0,,,,,
1434,1,4.0,,,,5.0,4.0,,,,,
1435,2,4.0,,,,1.0,3.0,,,,,
1436,2,2.0,,,,2.0,1.0,,,,,
1437,1,3.0,,,,4.0,2.0,,,,,
1438,3,3.0,,,,3.0,4.0,,,,,
1439,2,3.0,,,,3.0,3.0,,,,,
1440,1,3.0,,,,3.0,2.0,,,,,
1442,2,3.0,,,,2.0,4.0,,,,,
1444,2,4.0,,,,1.0,5.0,,,,,
1452,2,5.0,,,,2.0,2.0,,,,,
1453,2,1.0,,,,3.0,1.0,,,,,
1469,3,3.0,,,,2.0,3.0,,,,,
1474,3,3.0,,,,2.0,3.0,,,,,
1476,2,5.0,,,,2.0,4.0,,,,,
1478,2,3.0,,,,3.0,3.0,,,,,
1483,2,2.0,,,,3.0,2.0,,,,,
1484,2,3.0,,,,3.0,4.0,,,,,
1486,2,3.0,,,,3.0,3.0,,,,,
1489,2,3.0,,,,2.0,3.0,,,,,
1492,2,3.0,,,,2.0,3.0,,,,,
1503,3,3.0,,,,3.0,4.0,,,,,
1508,2,4.0,,,,3.0,5.0,,,,,
1520,2,2.0,,,,2.0,2.0,,,,,
1521,1,1.0,,,,3.0,1.0,,,,,
1522,2,4.0,,,,3.0,4.0,,,,,
1524,2,1.0,,,,2.0,1.0,,,,,
1538,3,1.0,,,,4.0,1.0,,,,,
1541,2,1.0,,,,3.0,1.0,,,,,
1544,2,2.0,,,,3.0,3.0,,,,,
1546,1,2.0,,,,5.0,2.0,,,,,
1559,2,5.0,,,,2.0,1.0,,,,,
1560,2,2.0,,,,2.0,2.0,,,,,
1562,2,5.0,,,,2.0,4.0,,,,,
1564,1,2.0,,,,4.0,1.0,,,,,
1567,2,2.0,,,,2.0,2.0,,,,,
1569,2,3.0,,,,3.0,3.0,,,,,
1575,3,3.0,,,,4.0,2.0,,,,,
1578,1,1.0,,,,4.0,1.0,,,,,
1579,2,9.0,,,,9.0,9.0,,,,,
1582,3,2.0,,,,2.0,2.0,,,,,
1584,2,3.0,,,,2.0,4.0,,,,,
1599,3,3.0,,,,3.0,2.0,,,,,
1605,2,2.0,,,,3.0,2.0,,,,,
1609,2,3.0,,,,3.0,4.0,,,,,
1610,3,2.0,,,,4.0,2.0,,,,,
1611,1,2.0,,,,4.0,3.0,,,,,
1612,2,3.0,,,,2.0,2.0,,,,,
1613,2,4.0,,,,2.0,4.0,,,,,
1614,2,8.0,,,,8.0,8.0,,,,,
1617,2,3.0,,,,1.0,3.0,,,,,
1618,1,2.0,,,,4.0,2.0,,,,,
1627,1,1.0,,,,5.0,1.0,,,,,
1630,2,4.0,,,,2.0,4.0,,,,,
1631,1,2.0,,,,4.0,1.0,,,,,
1633,2,1.0,,,,2.0,2.0,,,,,
1634,1,4.0,,,,4.0,2.0,,,,,
1637,2,1.0,,,,1.0,1.0,,,,,
1638,2,3.0,,,,1.0,2.0,,,,,
1640,2,4.0,,,,2.0,5.0,,,,,
1641,1,2.0,,,,3.0,1.0,,,,,
1642,2,4.0,,,,1.0,4.0,,,,,
1644,2,4.0,,,,3.0,6.0,,,,,
1645,3,3.0,,,,3.0,2.0,,,,,
1646,2,4.0,,,,2.0,4.0,,,,,
1649,2,3.0,,,,4.0,4.0,,,,,
1652,2,5.0,,,,3.0,3.0,,,,,
1653,2,4.0,,,,2.0,2.0,,,,,
1656,2,4.0,,,,4.0,3.0,,,,,
1659,2,4.0,,,,4.0,3.0,,,,,
1661,3,6.0,,,,3.0,3.0,,,,,
1665,2,3.0,,,,2.0,2.0,,,,,
1667,2,4.0,,,,4.0,4.0,,,,,
1671,2,2.0,,,,3.0,3.0,,,,,
1672,2,3.0,,,,2.0,5.0,,,,,
1676,2,2.0,,,,2.0,1.0,,,,,
1678,1,1.0,,,,4.0,1.0,,,,,
1683,2,2.0,,,,2.0,3.0,,,,,
1684,3,3.0,,,,3.0,1.0,,,,,
1695,2,6.0,,,,2.0,6.0,,,,,
1696,2,2.0,,,,2.0,4.0,,,,,
1697,2,6.0,,,,9.0,9.0,,,,,
1703,2,8.0,,,,1.0,8.0,,,,,
1705,2,5.0,,,,1.0,4.0,,,,,
1707,2,4.0,,,,2.0,2.0,,,,,
1710,2,2.0,,,,2.0,2.0,,,,,
1712,2,4.0,,,,2.0,4.0,,,,,
1714,2,2.0,,,,3.0,2.0,,,,,
1715,2,4.0,,,,2.0,4.0,,,,,
1718,1,3.0,,,,3.0,1.0,,,,,
1735,2,4.0,,,,2.0,3.0,,,,,
1736,2,4.0,,,,2.0,4.0,,,,,
1737,3,3.0,,,,3.0,2.0,,,,,
1738,2,2.0,,,,2.0,2.0,,,,,
1739,2,2.0,,,,3.0,3.0,,,,,
1741,2,3.0,,,,1.0,2.0,,,,,
1745,1,2.0,,,,5.0,1.0,,,,,
1746,3,3.0,,,,3.0,2.0,,,,,
1747,1,3.0,,,,4.0,3.0,,,,,
1748,8,4.0,,,,2.0,3.0,,,,,
1750,2,4.0,,,,2.0,4.0,,,,,
1755,2,3.0,,,,3.0,3.0,,,,,
1758,2,4.0,,,,1.0,4.0,,,,,
1760,2,2.0,,,,2.0,2.0,,,,,
1762,2,2.0,,,,4.0,3.0,,,,,
1764,2,2.0,,,,4.0,2.0,,,,,
1768,2,1.0,,,,3.0,1.0,,,,,
1770,2,1.0,,,,1.0,1.0,,,,,
1771,2,3.0,,,,3.0,3.0,,,,,
1774,2,4.0,,,,2.0,4.0,,,,,
1778,3,4.0,,,,4.0,8.0,,,,,
1781,3,4.0,,,,2.0,2.0,,,,,
1782,2,4.0,,,,3.0,4.0,,,,,
1786,2,4.0,,,,2.0,4.0,,,,,
1789,1,1.0,,,,5.0,1.0,,,,,
1790,2,4.0,,,,2.0,4.0,,,,,
1792,2,4.0,,,,2.0,4.0,,,,,
1794,2,3.0,,,,3.0,3.0,,,,,
1795,1,1.0,,,,5.0,1.0,,,,,
1799,2,4.0,,,,2.0,4.0,,,,,
1807,2,4.0,,,,4.0,4.0,,,,,
1808,2,4.0,,,,3.0,1.0,,,,,
1809,2,4.0,,,,2.0,6.0,,,,,
1812,3,1.0,,,,4.0,2.0,,,,,
1813,3,9.0,,,,9.0,9.0,,,,,
1814,3,9.0,,,,9.0,9.0,,,,,
1815,2,8.0,,,,9.0,8.0,,,,,
1816,1,3.0,,,,4.0,6.0,,,,,
1817,1,4.0,,,,2.0,4.0,,,,,
1818,2,9.0,,,,8.0,9.0,,,,,
1820,1,5.0,,,,5.0,5.0,,,,,
1822,3,9.0,,,,9.0,9.0,,,,,
1823,2,9.0,,,,9.0,9.0,,,,,
1824,2,9.0,,,,9.0,9.0,,,,,
1825,1,9.0,,,,8.0,9.0,,,,,
1827,2,5.0,,,,4.0,5.0,,,,,
1829,3,9.0,,,,9.0,9.0,,,,,
1830,3,9.0,,,,9.0,6.0,,,,,
1840,2,8.0,,,,8.0,6.0,,,,,
1844,2,4.0,,,,2.0,2.0,,,,,
1846,2,9.0,,,,9.0,9.0,,,,,
1852,2,4.0,,,,2.0,2.0,,,,,
1855,2,4.0,,,,1.0,1.0,,,,,
1861,2,4.0,,,,2.0,4.0,,,,,
1866,2,4.0,,,,2.0,3.0,,,,,
19,1,2.0,,,,5.0,1.0,,,,,
40,2,3.0,,,,3.0,2.0,,,,,
129,1,4.0,,,,4.0,2.0,,,,,
131,3,3.0,,,,3.0,3.0,,,,,
132,1,4.0,,,,4.0,2.0,,,,,
153,2,4.0,,,,3.0,4.0,,,,,
214,3,1.0,,,,3.0,2.0,,,,,
228,2,2.0,,,,2.0,2.0,,,,,
244,2,1.0,,,,4.0,2.0,,,,,
270,2,3.0,,,,3.0,4.0,,,,,
295,2,3.0,,,,2.0,3.0,,,,,
298,1,6.0,,,,5.0,2.0,,,,,
353,1,2.0,,,,4.0,2.0,,,,,
371,1,4.0,,,,4.0,8.0,,,,,
383,1,1.0,,,,4.0,2.0,,,,,
465,1,4.0,,,,4.0,3.0,,,,,
488,2,4.0,,,,1.0,1.0,,,,,
491,2,3.0,,,,1.0,4.0,,,,,
514,3,3.0,,,,4.0,8.0,,,,,
553,2,9.0,,,,9.0,9.0,,,,,
624,2,2.0,,,,2.0,2.0,,,,,
786,2,4.0,,,,1.0,2.0,,,,,
808,2,2.0,,,,4.0,3.0,,,,,
826,1,1.0,,,,5.0,1.0,,,,,
827,1,3.0,,,,4.0,3.0,,,,,
1096,3,3.0,,,,3.0,3.0,,,,,
1105,8,3.0,,,,3.0,3.0,,,,,
1124,2,4.0,,,,1.0,2.0,,,,,
1127,2,4.0,,,,2.0,4.0,,,,,
1145,2,3.0,,,,3.0,3.0,,,,,
1155,2,4.0,,,,2.0,4.0,,,,,
1160,1,1.0,,,,5.0,1.0,,,,,
1178,2,4.0,,,,2.0,3.0,,,,,
1210,3,4.0,,,,2.0,3.0,,,,,
1225,2,1.0,,,,1.0,1.0,,,,,
1230,2,2.0,,,,2.0,5.0,,,,,
1240,3,4.0,,,,4.0,4.0,,,,,
1245,2,3.0,,,,3.0,3.0,,,,,
1252,1,2.0,,,,4.0,3.0,,,,,
1262,9,9.0,,,,9.0,8.0,,,,,
1267,1,2.0,,,,4.0,2.0,,,,,
1305,3,3.0,,,,6.0,6.0,,,,,
1369,1,4.0,,,,4.0,2.0,,,,,
1370,2,4.0,,,,1.0,2.0,,,,,
1374,3,4.0,,,,3.0,3.0,,,,,
1384,2,3.0,,,,3.0,3.0,,,,,
1389,2,2.0,,,,2.0,2.0,,,,,
1395,2,3.0,,,,1.0,4.0,,,,,
1398,2,4.0,,,,1.0,3.0,,,,,
1401,2,1.0,,,,5.0,1.0,,,,,
1407,2,6.0,,,,3.0,6.0,,,,,
1421,2,4.0,,,,3.0,4.0,,,,,
1432,3,4.0,,,,4.0,2.0,,,,,
1456,2,4.0,,,,2.0,3.0,,,,,
1477,1,4.0,,,,4.0,4.0,,,,,
1480,2,4.0,,,,3.0,4.0,,,,,
1511,2,3.0,,,,1.0,2.0,,,,,
1518,2,3.0,,,,3.0,2.0,,,,,
1519,1,2.0,,,,4.0,1.0,,,,,
1530,2,4.0,,,,5.0,1.0,,,,,
1542,1,2.0,,,,5.0,2.0,,,,,
1547,2,4.0,,,,4.0,1.0,,,,,
1561,2,3.0,,,,3.0,3.0,,,,,
1583,2,4.0,,,,2.0,4.0,,,,,
1621,2,4.0,,,,2.0,4.0,,,,,
1629,2,3.0,,,,5.0,3.0,,,,,
1636,2,4.0,,,,2.0,4.0,,,,,
1643,9,4.0,,,,4.0,8.0,,,,,
1647,3,2.0,,,,4.0,2.0,,,,,
1651,2,4.0,,,,2.0,2.0,,,,,
1654,2,2.0,,,,2.0,6.0,,,,,
1726,1,2.0,,,,4.0,2.0,,,,,
1833,1,1.0,,,,5.0,9.0,,,,,
1135,2,3.0,,,,2.0,4.0,,,,,
311,3,4.0,,,,3.0,3.0,,,,,
468,2,4.0,,,,2.0,6.0,,,,,
1354,2,3.0,,,,2.0,2.0,,,,,
492,2,2.0,,,,2.0,6.0,,,,,
407,2,5.0,,,,2.0,5.0,,,,,
1603,1,2.0,,,,4.0,1.0,,,,,
1420,3,2.0,,,,3.0,2.0,,,,,
1422,2,2.0,,,,3.0,3.0,,,,,
1400,2,3.0,,,,1.0,3.0,,,,,
1405,2,4.0,,,,2.0,3.0,,,,,
232,3,4.0,,,,5.0,1.0,,,,,
1122,2,3.0,,,,3.0,3.0,,,,,
1648,2,4.0,,,,3.0,4.0,,,,,
1650,2,4.0,,,,2.0,4.0,,,,,
1835,3,4.0,,,,4.0,3.0,,,,,
573,3,3.0,,,,3.0,3.0,,,,,
365,2,9.0,,,,9.0,9.0,,,,,
1828,1,4.0,,,,4.0,4.0,,,,,
1294,2,3.0,,,,3.0,1.0,,,,,
1364,3,2.0,,,,4.0,2.0,,,,,
1365,2,4.0,,,,4.0,4.0,,,,,
1366,3,9.0,,,,9.0,9.0,,,,,
1639,2,4.0,,,,2.0,3.0,,,,,
240,2,4.0,,,,4.0,2.0,,,,,
1144,2,2.0,,,,3.0,2.0,,,,,
1216,3,5.0,,,,3.0,6.0,,,,,
300,2,4.0,,,,4.0,4.0,,,,,
1573,2,4.0,,,,3.0,3.0,,,,,
1338,1,1.0,,,,4.0,1.0,,,,,
1728,1,3.0,,,,4.0,6.0,,,,,
1810,3,2.0,,,,4.0,3.0,,,,,
1231,2,2.0,,,,2.0,1.0,,,,,
294,2,3.0,,,,2.0,2.0,,,,,
1094,2,3.0,,,,2.0,2.0,,,,,
1628,1,2.0,,,,5.0,2.0,,,,,
1586,3,4.0,,,,4.0,4.0,,,,,
1263,1,3.0,,,,2.0,4.0,,,,,
1565,3,3.0,,,,3.0,3.0,,,,,
1635,2,5.0,,,,2.0,4.0,,,,,
1632,2,1.0,,,,1.0,1.0,,,,,
1716,3,8.0,,,,9.0,9.0,,,,,
1993,2,1.0,1.0,1.0,,2.0,1.0,,,,,
1994,1,3.0,6.0,6.0,,4.0,4.0,,,,,
1995,1,4.0,6.0,6.0,,4.0,2.0,,,,,
1996,2,2.0,6.0,6.0,,4.0,2.0,,,,,
1997,2,2.0,4.0,1.0,,2.0,1.0,,,,,
1998,2,4.0,6.0,6.0,,2.0,4.0,,,,,
2000,2,2.0,5.0,6.0,,1.0,2.0,,,,,
2001,2,3.0,3.0,3.0,,2.0,2.0,,,,,
2002,2,4.0,6.0,6.0,,3.0,3.0,,,,,
2003,2,4.0,3.0,4.0,,2.0,4.0,,,,,
2004,3,1.0,6.0,6.0,,3.0,1.0,,,,,
2005,2,1.0,6.0,6.0,,3.0,2.0,,,,,
2006,1,1.0,6.0,6.0,,4.0,6.0,,,,,
2007,1,2.0,6.0,6.0,,5.0,2.0,,,,,
2008,3,2.0,6.0,6.0,,3.0,2.0,,,,,
2009,1,3.0,6.0,6.0,,4.0,8.0,,,,,
2010,2,3.0,6.0,6.0,,3.0,6.0,,,,,
2011,2,3.0,6.0,6.0,,4.0,3.0,,,,,
2012,8,2.0,6.0,6.0,,2.0,6.0,,,,,
2013,2,4.0,2.0,2.0,,2.0,2.0,,,,,
2014,2,4.0,6.0,6.0,,2.0,1.0,,,,,
2015,3,5.0,6.0,6.0,,3.0,6.0,,,,,
165,2,2.0,,6.0,,,,,,,,
288,2,3.0,,6.0,,,,,,,,
306,2,2.0,,2.0,,,,,,,,
896,1,1.0,,6.0,,,,,,,,
1242,2,5.0,,3.0,,,,,,,,
1257,3,4.0,,6.0,,,,,,,,
1259,2,4.0,,6.0,,,,,,,,
1295,2,4.0,,3.0,,,,,,,,
1347,2,4.0,,2.0,,,,,,,,
1416,3,4.0,,6.0,,,,,,,,
